report_no,incident_time,complaint_type,cctv_flag,precinct_code,area_code,area_name,cctv_count,population_density,rounds_per_day,crime_code,crime_type,weapon_code,weapon_desc,case_status_code,case_status_desc,victim_code,victim_name,victim_sex,victim_age,was_victim_alone,is_victim_insured,offender_code,offender_name,offender_sex,offender_age,repeated_offender,no_of_offences,offender_relation,officer_code,officer_name,officer_sex,avg_close_days,week_number
200105044,07:20:00,In-Person,FALSE,3,371,West LA,244,5500,9,510,VEHICLE - STOLEN,207,OTHER KNIFE,AA,Adult Arrest,102816,Erik,M,38,Yes,Yes,355020,Carmen,M,39,No,0,No,2038,Veldon,M,11,3
200105047,12:00:00,In-Person,FALSE,1,223,West Valley,268,3950,8,624,BATTERY - SIMPLE ASSAULT,500,UNKNOWN WEAPON/OTHER WEAPON,IC,Invest Cont,24604,Alvin,M,5,Yes,Yes,1143757,Uriel,M,36,Yes,7,Yes,1031,Kowen,M,13,3
200105051,02:30:00,Phone,FALSE,1,223,West Valley,268,3950,8,210,ROBBERY,515,PHYSICAL PRESENCE,IC,Invest Cont,73273,Beth,F,38,Yes,Yes,1502389,Humberto,M,41,Yes,1,No,4111,Rakayla,F,8,3
200105100,01:00:00,Phone,FALSE,5,887,Newton,275,3409,12,910,KIDNAPPING,308,STICK,IC,Invest Cont,108128,Carla,F,5,Yes,No,1480074,Earline,M,36,No,0,No,5245,Scotlynn,F,9,3
200105101,13:10:00,Phone,FALSE,4,425,Rampart,165,8500,5,442,SHOPLIFTING - PETTY THEFT ($95,400,"STRONG-ARM (HANDS, FIST, FEET ",IC,Invest Cont,121032,Edgar,M,54,Yes,Yes,1597286,Itzel,M,30,Yes,6,No,3223,Anayely,F,11,3
200105103,06:50:00,Phone,FALSE,2,261,77th Street,150,8889,9,440,THEFT PLAIN - PETTY ($950 & UN,102,HAND GUN,IC,Invest Cont,28147,Jim,M,34,Yes,Yes,1144731,Lavonne,M,39,No,0,No,3249,Cledith,F,13,3
200105108,04:00:00,Phone,FALSE,3,371,West LA,244,5500,9,330,BURGLARY FROM VEHICLE,302,BLUNT INSTRUMENT,IC,Invest Cont,15868,Heidi,F,49,Yes,Yes,1620247,Kaitlynn,M,40,No,0,No,2038,Veldon,M,11,3
200105111,08:55:00,Phone,FALSE,1,223,West Valley,268,3950,8,624,BATTERY - SIMPLE ASSAULT,500,UNKNOWN WEAPON/OTHER WEAPON,IC,Invest Cont,94308,Mario,M,60,Yes,No,1095698,Orion,M,37,No,0,No,1031,Kowen,M,13,3
200105113,12:20:00,Phone,FALSE,1,223,West Valley,268,3950,8,624,BATTERY - SIMPLE ASSAULT,500,UNKNOWN WEAPON/OTHER WEAPON,IC,Invest Cont,36602,Nellie,F,38,Yes,Yes,29934,Cristal,M,37,No,0,No,4111,Rakayla,F,8,3
200105115,10:00:00,Phone,FALSE,4,425,Rampart,165,8500,5,480,BIKE - STOLEN,504,DEMAND NOTE,IC,Invest Cont,37435,Lindsay,F,31,Yes,No,947196,Lyric,M,32,Yes,4,No,4112,Rashae,F,14,3
200105117,17:20:00,Phone,FALSE,6,990,Hollenbeck,170,6686,5,440,THEFT PLAIN - PETTY ($950 & UN,102,HAND GUN,IC,Invest Cont,94209,Kristina,F,35,Yes,No,2163243,Augusta,M,31,Yes,4,No,1024,Izreal,M,9,3
200105118,16:30:00,Phone,FALSE,7,1001,Hollywood,280,3200,8,440,THEFT PLAIN - PETTY ($950 & UN,102,HAND GUN,IC,Invest Cont,37540,Shelby,F,57,Yes,Yes,1279404,Destinee,M,32,Yes,1,No,3263,Lundon,F,9,3
200105120,13:25:00,In-Person,FALSE,2,323,Northeast,255,4100,9,442,SHOPLIFTING - PETTY THEFT ($95,400,"STRONG-ARM (HANDS, FIST, FEET ",IC,Invest Cont,59530,Terri,F,60,Yes,No,240933,William,M,30,No,0,No,3249,Cledith,F,13,3
200105121,21:00:00,Phone,FALSE,6,990,Hollenbeck,170,6686,5,440,THEFT PLAIN - PETTY ($950 & UN,102,HAND GUN,IC,Invest Cont,93791,Destiny,F,31,Yes,No,2255622,Kathrine,M,37,Yes,5,No,1024,Izreal,M,9,3
200105126,19:00:00,In-Person,FALSE,3,371,West LA,244,5500,9,230,"ASSAULT WITH DEADLY WEAPON, AG",216,SCISSORS,IC,Invest Cont,105682,Vernon,M,48,Yes,Yes,1073551,Miracle,M,37,No,0,No,2038,Veldon,M,11,3
200105131,16:40:00,Phone,FALSE,4,425,Rampart,165,8500,5,442,SHOPLIFTING - PETTY THEFT ($95,400,"STRONG-ARM (HANDS, FIST, FEET ",IC,Invest Cont,79121,Paige,F,38,Yes,No,2325064,Kaleigh,M,40,Yes,6,No,4112,Rashae,F,14,3
200105132,02:00:00,Phone,FALSE,6,990,Hollenbeck,170,6686,5,626,INTIMATE PARTNER - SIMPLE ASSA,109,SEMI-AUTOMATIC PISTOL,IC,Invest Cont,5311,Marc,M,33,Yes,Yes,1997387,Mina,M,40,No,0,No,1024,Izreal,M,9,3
200105133,19:30:00,In-Person,FALSE,7,1001,Hollywood,280,3200,8,910,KIDNAPPING,308,STICK,IC,Invest Cont,81411,Violet,F,5,Yes,No,1391392,Aniya,M,39,Yes,7,No,3263,Lundon,F,9,3
200105134,15:00:00,Phone,FALSE,4,425,Rampart,165,8500,5,330,BURGLARY FROM VEHICLE,302,BLUNT INSTRUMENT,IC,Invest Cont,277,Willie,F,37,Yes,No,1298380,Barney,M,33,No,0,No,4112,Rashae,F,14,3
200105135,19:30:00,Phone,FALSE,1,223,West Valley,268,3950,8,910,KIDNAPPING,308,STICK,IC,Invest Cont,76344,Arlene,F,6,Yes,No,953911,Monroe,M,40,Yes,3,No,1031,Kowen,M,13,3
200105139,19:00:00,Phone,FALSE,1,223,West Valley,268,3950,8,902,VIOLATION OF TEMPORARY RESTRAI,211,AXE,IC,Invest Cont,64039,Sue,F,48,Yes,No,2272918,Adelyn,M,34,No,0,No,1031,Kowen,M,13,3
200105140,22:15:00,Phone,FALSE,7,1001,Hollywood,280,3200,8,946,OTHER MISCELLANEOUS CRIME,204,FOLDING KNIFE,IC,Invest Cont,67303,Cole,M,52,Yes,No,1500942,Jamar,M,35,Yes,1,No,3263,Lundon,F,9,3
200105142,19:30:00,Phone,FALSE,4,425,Rampart,165,8500,5,745,VANDALISM - MISDEAMEANOR ($399,306,ROCK/THROWN OBJECT,IC,Invest Cont,122112,Daisy,F,47,Yes,Yes,2350279,Phoenix,M,31,Yes,1,No,1034,Press,M,14,3
200105144,19:00:00,In-Person,FALSE,4,425,Rampart,165,8500,5,480,BIKE - STOLEN,504,DEMAND NOTE,IC,Invest Cont,117109,Sabrina,F,55,Yes,No,471073,Kinley,M,39,No,0,No,4112,Rashae,F,14,3
200105148,15:30:00,In-Person,FALSE,4,425,Rampart,165,8500,5,440,THEFT PLAIN - PETTY ($950 & UN,102,HAND GUN,IC,Invest Cont,14966,Carmen,F,52,Yes,No,2295256,Carina,M,31,Yes,2,No,4112,Rashae,F,14,3
200105151,16:00:00,Phone,FALSE,2,322,Southwest,168,7800,8,664,"BUNCO, PETTY THEFT",103,RIFLE,AO,Adult Other,71994,Marian,F,48,Yes,Yes,622091,Terra,M,33,Yes,4,No,3249,Cledith,F,13,3
200105152,09:10:00,Phone,FALSE,1,223,West Valley,268,3950,8,625,OTHER ASSAULT,104,SHOTGUN,IC,Invest Cont,93782,Vera,F,34,Yes,Yes,117288,Earnestine,M,35,Yes,4,No,1031,Kowen,M,13,3
200105154,11:45:00,Phone,FALSE,7,1001,Hollywood,280,3200,8,626,INTIMATE PARTNER - SIMPLE ASSA,109,SEMI-AUTOMATIC PISTOL,AA,Adult Arrest,19676,Constance,F,51,Yes,No,1776111,Janell,M,32,No,0,No,3263,Lundon,F,9,3
200105157,15:15:00,Phone,FALSE,3,336,Van Nuys,250,4149,9,330,BURGLARY FROM VEHICLE,302,BLUNT INSTRUMENT,IC,Invest Cont,123624,Deanna,F,30,Yes,No,1059905,Blair,M,31,Yes,2,No,1026,Jermale,M,9,3
200105158,18:15:00,In-Person,FALSE,3,336,Van Nuys,250,4149,9,440,THEFT PLAIN - PETTY ($950 & UN,102,HAND GUN,IC,Invest Cont,58212,Wilma,F,33,Yes,Yes,1873877,Kellen,M,34,No,0,No,3246,Bonnell,F,9,3
200105159,16:14:00,Phone,FALSE,6,990,Hollenbeck,170,6686,5,440,THEFT PLAIN - PETTY ($950 & UN,102,HAND GUN,IC,Invest Cont,109374,Colin,M,52,Yes,Yes,374487,Fernanda,M,40,No,0,No,1024,Izreal,M,9,3
200105164,13:45:00,Phone,FALSE,3,371,West LA,244,5500,9,740,VANDALISM - FELONY ($400 & OVE,200,KNIFE WITH BLADE 6INCHES OR LE,IC,Invest Cont,26293,Melinda,F,34,Yes,Yes,1198638,Mari,M,30,No,0,No,2038,Veldon,M,11,3
200105166,08:35:00,In-Person,FALSE,4,425,Rampart,165,8500,5,624,BATTERY - SIMPLE ASSAULT,500,UNKNOWN WEAPON/OTHER WEAPON,IC,Invest Cont,95196,Tom,M,50,Yes,Yes,864239,Roseann,M,35,No,0,No,4112,Rashae,F,14,3
200105176,15:40:00,In-Person,FALSE,1,223,West Valley,268,3950,8,442,SHOPLIFTING - PETTY THEFT ($95,400,"STRONG-ARM (HANDS, FIST, FEET ",IC,Invest Cont,17291,Lena,F,31,Yes,No,1305677,Regan,M,34,No,0,No,1031,Kowen,M,13,3
200105184,14:30:00,Phone,FALSE,3,336,Van Nuys,250,4149,9,624,BATTERY - SIMPLE ASSAULT,500,UNKNOWN WEAPON/OTHER WEAPON,IC,Invest Cont,10170,Tamara,F,53,Yes,No,1480733,Maximilian,M,30,Yes,2,No,2038,Veldon,M,11,3
200105186,14:00:00,Phone,FALSE,3,336,Van Nuys,250,4149,9,624,BATTERY - SIMPLE ASSAULT,500,UNKNOWN WEAPON/OTHER WEAPON,IC,Invest Cont,11192,Joy,F,30,Yes,Yes,298237,Rashad,M,36,No,0,No,2038,Veldon,M,11,3
200105187,12:00:00,In-Person,FALSE,4,425,Rampart,165,8500,5,442,SHOPLIFTING - PETTY THEFT ($95,400,"STRONG-ARM (HANDS, FIST, FEET ",IC,Invest Cont,122580,Faith,F,56,Yes,No,296505,Adrian,M,35,No,0,No,3223,Anayely,F,11,3
200105188,03:00:00,In-Person,FALSE,2,261,77th Street,150,8889,9,624,BATTERY - SIMPLE ASSAULT,500,UNKNOWN WEAPON/OTHER WEAPON,IC,Invest Cont,3727,Clayton,M,36,Yes,Yes,1409768,Joesph,M,37,Yes,3,No,3247,Christon,F,14,3
200105191,02:05:00,In-Person,FALSE,2,261,77th Street,150,8889,9,230,"ASSAULT WITH DEADLY WEAPON, AG",216,SCISSORS,AA,Adult Arrest,23579,Maurice,M,48,Yes,Yes,726248,Dee,M,39,No,0,No,1023,Everrett,M,12,3
200105192,02:05:00,Phone,FALSE,3,336,Van Nuys,250,4149,9,230,"ASSAULT WITH DEADLY WEAPON, AG",216,SCISSORS,AA,Adult Arrest,45015,Gabrielle,F,53,Yes,No,664128,Mohamed,M,37,Yes,1,No,2038,Veldon,M,11,3
200105193,02:05:00,In-Person,FALSE,3,336,Van Nuys,250,4149,9,740,VANDALISM - FELONY ($400 & OVE,200,KNIFE WITH BLADE 6INCHES OR LE,AA,Adult Arrest,59062,Cory,M,59,Yes,No,124504,Irwin,M,40,No,0,No,2038,Veldon,M,11,3
200105194,22:00:00,Phone,TRUE,3,336,Van Nuys,250,4149,9,210,ROBBERY,515,PHYSICAL PRESENCE,IC,Invest Cont,14758,Franklin,M,39,Yes,No,365026,Graciela,M,35,Yes,1,No,7010,Syann,F,9,3
200105201,06:00:00,In-Person,FALSE,3,371,West LA,244,5500,9,624,BATTERY - SIMPLE ASSAULT,500,UNKNOWN WEAPON/OTHER WEAPON,IC,Invest Cont,57818,Ivan,M,49,Yes,No,1192111,Margery,M,37,No,0,No,2038,Veldon,M,11,3
200105202,20:15:00,Phone,FALSE,2,261,77th Street,150,8889,9,920,KIDNAPPING - GRAND ATTEMPT,115,ASSAULT WEAPON/UZI/AK47/ETC,IC,Invest Cont,73813,Xavier,M,50,Yes,Yes,1993429,Kareem,M,32,No,0,No,4011,Nyiesha,F,9,3
200105204,22:22:00,Phone,FALSE,2,322,Southwest,168,7800,8,740,VANDALISM - FELONY ($400 & OVE,200,KNIFE WITH BLADE 6INCHES OR LE,IC,Invest Cont,42700,Charlene,F,34,Yes,No,877887,Tiffani,M,40,Yes,6,No,3249,Cledith,F,13,3
200105205,19:00:00,Phone,FALSE,3,371,West LA,244,5500,9,910,KIDNAPPING,308,STICK,IC,Invest Cont,64170,Katelyn,F,6,Yes,Yes,2331055,Shania,M,32,Yes,3,No,7010,Syann,F,9,3
200105206,19:30:00,In-Person,FALSE,6,990,Hollenbeck,170,6686,5,740,VANDALISM - FELONY ($400 & OVE,200,KNIFE WITH BLADE 6INCHES OR LE,IC,Invest Cont,93242,Francisco,M,59,Yes,Yes,792987,Marcie,M,32,Yes,1,No,1024,Izreal,M,9,3
200105207,09:00:00,Phone,TRUE,1,223,West Valley,268,3950,8,740,VANDALISM - FELONY ($400 & OVE,200,KNIFE WITH BLADE 6INCHES OR LE,IC,Invest Cont,30037,Sofia,F,36,Yes,No,70804,Adolfo,M,41,Yes,4,No,1031,Kowen,M,13,3
200105208,01:00:00,In-Person,TRUE,2,322,Southwest,168,7800,8,745,VANDALISM - MISDEAMEANOR ($399,306,ROCK/THROWN OBJECT,IC,Invest Cont,99790,Garrett,M,33,Yes,Yes,1148845,Deja,M,31,No,0,No,3249,Cledith,F,13,3
200105211,02:50:00,Phone,TRUE,1,223,West Valley,268,3950,8,440,THEFT PLAIN - PETTY ($950 & UN,102,HAND GUN,IC,Invest Cont,1582,Cora,F,56,Yes,No,1262937,Deidre,M,34,No,0,No,1031,Kowen,M,13,3
200105212,20:00:00,In-Person,FALSE,4,425,Rampart,165,8500,5,330,BURGLARY FROM VEHICLE,302,BLUNT INSTRUMENT,IC,Invest Cont,117531,Jordan,F,51,Yes,No,474293,Alvaro,M,41,No,0,No,4112,Rashae,F,14,3
200105214,01:00:00,Phone,TRUE,6,990,Hollenbeck,170,6686,5,626,INTIMATE PARTNER - SIMPLE ASSA,109,SEMI-AUTOMATIC PISTOL,IC,Invest Cont,54791,Alejandro,M,46,Yes,Yes,157153,Anika,M,30,Yes,1,No,1024,Izreal,M,9,3
200105215,01:30:00,In-Person,FALSE,4,425,Rampart,165,8500,5,350,"THEFT, PERSON",221,GLASS,IC,Invest Cont,13787,Herman,M,31,Yes,Yes,1770485,Dayna,M,39,No,0,No,4112,Rashae,F,14,3
200105218,12:30:00,Phone,TRUE,7,1001,Hollywood,280,3200,8,330,BURGLARY FROM VEHICLE,302,BLUNT INSTRUMENT,IC,Invest Cont,35474,Jorge,M,52,Yes,Yes,1991443,Celina,M,34,No,0,No,3263,Lundon,F,9,3
200105219,02:55:00,Phone,TRUE,6,990,Hollenbeck,170,6686,5,230,"ASSAULT WITH DEADLY WEAPON, AG",216,SCISSORS,IC,Invest Cont,112470,Marcia,F,44,Yes,No,1446709,Deanne,M,35,No,0,No,1024,Izreal,M,9,3
200105221,01:30:00,Phone,FALSE,7,1001,Hollywood,280,3200,8,440,THEFT PLAIN - PETTY ($950 & UN,102,HAND GUN,IC,Invest Cont,445,Grant,M,47,Yes,Yes,1098344,Donte,M,33,Yes,5,No,3263,Lundon,F,9,3
200105224,19:00:00,Phone,FALSE,7,1001,Hollywood,280,3200,8,510,VEHICLE - STOLEN,207,OTHER KNIFE,IC,Invest Cont,91459,Marlene,F,57,Yes,No,2061116,Kaydence,M,34,No,0,No,3263,Lundon,F,9,3
200105225,17:00:00,Phone,FALSE,3,336,Van Nuys,250,4149,9,330,BURGLARY FROM VEHICLE,302,BLUNT INSTRUMENT,IC,Invest Cont,108075,Erika,F,38,Yes,No,100805,Tierra,M,40,No,0,No,2038,Veldon,M,11,3
200105226,21:00:00,In-Person,FALSE,3,336,Van Nuys,250,4149,9,220,ATTEMPTED ROBBERY,219,SCREWDRIVER,IC,Invest Cont,93623,Zoe,F,31,Yes,No,1099441,Lyndsey,M,32,No,0,No,2038,Veldon,M,11,3
200105227,21:15:00,Phone,TRUE,4,425,Rampart,165,8500,5,745,VANDALISM - MISDEAMEANOR ($399,306,ROCK/THROWN OBJECT,IC,Invest Cont,14145,Mackenzie,F,41,Yes,Yes,2130264,Gia,M,30,Yes,6,No,4112,Rashae,F,14,3
200105228,22:00:00,In-Person,TRUE,1,223,West Valley,268,3950,8,330,BURGLARY FROM VEHICLE,302,BLUNT INSTRUMENT,IC,Invest Cont,71174,Glen,M,39,Yes,Yes,1713032,Eddie,M,30,No,0,No,4111,Rakayla,F,8,3
200105232,08:40:00,Phone,TRUE,1,223,West Valley,268,3950,8,860,BATTERY WITH SEXUAL CONTACT,201,KNIFE WITH BLADE OVER 6 INCHES,IC,Invest Cont,74999,Viola,F,42,Yes,No,2230447,Kierra,M,33,Yes,1,No,1031,Kowen,M,13,3
200105235,07:25:00,Phone,TRUE,4,425,Rampart,165,8500,5,236,INTIMATE PARTNER - AGGRAVATED,205,KITCHEN KNIFE,AA,Adult Arrest,99749,Jake,M,52,Yes,Yes,93801,Dayton,M,33,Yes,3,No,4112,Rashae,F,14,3
200105237,09:30:00,Phone,TRUE,4,425,Rampart,165,8500,5,930,CRIMINAL THREATS - NO WEAPON D,212,BOTTLE,IC,Invest Cont,14284,Mattie,F,6,Yes,Yes,1531852,Rhiannon,M,33,Yes,4,No,1033,Niki,M,14,3
200105238,18:20:00,In-Person,FALSE,3,336,Van Nuys,250,4149,9,761,BRANDISH WEAPON,307,VEHICLE,IC,Invest Cont,78560,Nina,F,36,Yes,No,1283073,Forest,M,32,Yes,3,No,1025,Jeret,M,14,3
200105240,19:00:00,Phone,FALSE,2,261,77th Street,150,8889,9,330,BURGLARY FROM VEHICLE,302,BLUNT INSTRUMENT,IC,Invest Cont,52256,Claudia,F,55,Yes,No,202172,Denny,M,39,No,0,No,3249,Cledith,F,13,3
200105241,02:00:00,In-Person,FALSE,1,223,West Valley,268,3950,8,330,BURGLARY FROM VEHICLE,302,BLUNT INSTRUMENT,IC,Invest Cont,122377,Lester,M,31,Yes,Yes,1736749,Edwina,M,33,No,0,No,1031,Kowen,M,13,3
200105244,17:00:00,In-Person,FALSE,3,336,Van Nuys,250,4149,9,910,KIDNAPPING,308,STICK,IC,Invest Cont,28888,Kaylee,F,6,Yes,No,1579173,Jerri,M,33,Yes,3,No,2038,Veldon,M,11,3
200105247,08:35:00,In-Person,TRUE,2,322,Southwest,168,7800,8,930,CRIMINAL THREATS - NO WEAPON D,212,BOTTLE,IC,Invest Cont,116246,Tanya,F,48,Yes,Yes,1158604,Braylon,M,40,No,0,No,4001,Lynnie,F,10,3
200105249,01:00:00,Phone,TRUE,1,223,West Valley,268,3950,8,420,THEFT FROM MOTOR VEHICLE - PET,506,FIRE,IC,Invest Cont,24737,Andre,M,33,Yes,Yes,804963,Aspen,M,41,Yes,3,No,1031,Kowen,M,13,3
200105255,15:30:00,In-Person,FALSE,1,223,West Valley,268,3950,8,343,SHOPLIFTING-GRAND THEFT ($950.,116,ANTIQUE FIREARM,IC,Invest Cont,119519,Alexa,F,46,Yes,Yes,1947962,Hans,M,31,Yes,2,No,1031,Kowen,M,13,3
200105259,23:50:00,In-Person,TRUE,2,322,Southwest,168,7800,8,236,INTIMATE PARTNER - AGGRAVATED,205,KITCHEN KNIFE,AA,Adult Arrest,5046,Jennie,F,31,Yes,Yes,2140774,Carlene,M,34,No,0,No,4001,Lynnie,F,10,3
200105262,01:00:00,In-Person,TRUE,5,887,Newton,275,3409,12,230,"ASSAULT WITH DEADLY WEAPON, AG",216,SCISSORS,IC,Invest Cont,64373,Gene,M,6,Yes,No,862205,Jeffry,M,31,No,0,No,5245,Scotlynn,F,9,3
200105263,19:00:00,In-Person,TRUE,4,425,Rampart,165,8500,5,310,BURGLARY,113,SIMULATED GUN,IC,Invest Cont,72624,Sam,M,54,Yes,No,2074235,Rosella,M,36,Yes,2,No,4112,Rashae,F,14,3
200105264,01:00:00,Phone,TRUE,3,336,Van Nuys,250,4149,9,230,"ASSAULT WITH DEADLY WEAPON, AG",216,SCISSORS,IC,Invest Cont,20107,Marissa,F,51,Yes,No,584120,Lelia,M,40,Yes,6,No,1025,Jeret,M,14,3
200105265,23:30:00,In-Person,TRUE,3,371,West LA,244,5500,9,230,"ASSAULT WITH DEADLY WEAPON, AG",216,SCISSORS,IC,Invest Cont,4358,Colton,M,49,Yes,Yes,2344715,Deshawn,M,33,No,0,No,1025,Jeret,M,14,3
200105266,23:30:00,Phone,FALSE,3,336,Van Nuys,250,4149,9,230,"ASSAULT WITH DEADLY WEAPON, AG",216,SCISSORS,IC,Invest Cont,26278,Spencer,M,51,Yes,Yes,1506966,Madisyn,M,36,Yes,7,No,1025,Jeret,M,14,3
200105267,08:00:00,Phone,FALSE,1,223,West Valley,268,3950,8,624,BATTERY - SIMPLE ASSAULT,500,UNKNOWN WEAPON/OTHER WEAPON,IC,Invest Cont,83882,Eli,M,57,Yes,No,359601,Harris,M,41,No,0,No,1031,Kowen,M,13,3
200105268,19:30:00,Phone,FALSE,4,425,Rampart,165,8500,5,420,THEFT FROM MOTOR VEHICLE - PET,506,FIRE,IC,Invest Cont,100808,Alison,F,42,Yes,No,121965,Luann,M,39,Yes,4,No,4112,Rashae,F,14,3
200105269,15:00:00,Phone,FALSE,3,336,Van Nuys,250,4149,9,480,BIKE - STOLEN,504,DEMAND NOTE,IC,Invest Cont,52003,Caitlin,F,53,Yes,No,142680,Jett,M,41,Yes,3,No,2038,Veldon,M,11,3
200105270,15:00:00,Phone,TRUE,2,323,Northeast,255,4100,9,480,BIKE - STOLEN,504,DEMAND NOTE,IC,Invest Cont,7400,Harvey,M,57,Yes,No,2274418,Alden,M,34,No,0,No,4001,Lynnie,F,10,3
200105271,23:54:00,Phone,TRUE,7,1001,Hollywood,280,3200,8,442,SHOPLIFTING - PETTY THEFT ($95,400,"STRONG-ARM (HANDS, FIST, FEET ",IC,Invest Cont,52451,Tonya,F,56,Yes,Yes,1839861,Ester,M,37,Yes,7,No,7100,Varnika,F,12,3
200105273,13:30:00,In-Person,FALSE,4,425,Rampart,165,8500,5,624,BATTERY - SIMPLE ASSAULT,500,UNKNOWN WEAPON/OTHER WEAPON,IC,Invest Cont,20532,Priscilla,F,46,Yes,No,1878369,Reyna,M,31,No,0,No,3250,Courtnei,F,14,3
200105275,11:45:00,Phone,FALSE,4,425,Rampart,165,8500,5,626,INTIMATE PARTNER - SIMPLE ASSA,109,SEMI-AUTOMATIC PISTOL,AA,Adult Arrest,57732,Addison,F,19,Yes,Yes,942162,Denver,M,35,Yes,7,No,4112,Rashae,F,14,3
200105276,13:00:00,Phone,TRUE,2,261,77th Street,150,8889,9,740,VANDALISM - FELONY ($400 & OVE,200,KNIFE WITH BLADE 6INCHES OR LE,AA,Adult Arrest,50909,Isabel,F,41,Yes,Yes,562465,Cohen,M,41,Yes,6,No,4011,Nyiesha,F,9,3
200105277,14:40:00,Phone,FALSE,4,425,Rampart,165,8500,5,420,THEFT FROM MOTOR VEHICLE - PET,506,FIRE,IC,Invest Cont,73080,Angelina,F,34,Yes,Yes,816573,Minerva,F,31,No,0,No,3250,Courtnei,F,14,3
200105278,01:00:00,In-Person,FALSE,3,371,West LA,244,5500,9,330,BURGLARY FROM VEHICLE,302,BLUNT INSTRUMENT,IC,Invest Cont,104668,Brayden,M,19,Yes,No,609794,Vivienne,F,37,No,0,No,1025,Jeret,M,14,3
200105280,20:15:00,Phone,FALSE,4,425,Rampart,165,8500,5,745,VANDALISM - MISDEAMEANOR ($399,306,ROCK/THROWN OBJECT,IC,Invest Cont,106992,Sophie,F,19,Yes,Yes,534203,Hailee,F,36,Yes,4,No,2036,Tasean,M,8,3
200105281,03:00:00,Phone,TRUE,1,223,West Valley,268,3950,8,350,"THEFT, PERSON",221,GLASS,IC,Invest Cont,34869,Chester,M,34,Yes,No,852918,Quintin,M,33,Yes,6,No,1031,Kowen,M,13,3
200105282,07:35:00,Phone,TRUE,1,223,West Valley,268,3950,8,624,BATTERY - SIMPLE ASSAULT,500,UNKNOWN WEAPON/OTHER WEAPON,IC,Invest Cont,120784,Jeff,M,60,Yes,No,1392257,Elisha,F,40,Yes,5,No,1031,Kowen,M,13,3
200105283,19:45:00,In-Person,FALSE,3,336,Van Nuys,250,4149,9,624,BATTERY - SIMPLE ASSAULT,500,UNKNOWN WEAPON/OTHER WEAPON,IC,Invest Cont,109681,Casey,M,41,Yes,No,1235186,Wilmer,M,33,No,0,No,2038,Veldon,M,11,3
200105284,18:00:00,Phone,FALSE,2,261,77th Street,150,8889,9,210,ROBBERY,515,PHYSICAL PRESENCE,IC,Invest Cont,76390,Bryce,M,47,Yes,No,1745085,Lexie,F,36,Yes,7,No,1023,Everrett,M,12,3
200105287,11:20:00,In-Person,TRUE,1,223,West Valley,268,3950,8,330,BURGLARY FROM VEHICLE,302,BLUNT INSTRUMENT,IC,Invest Cont,31516,Tristan,M,39,Yes,Yes,1011250,Maximiliano,M,41,No,0,No,2042,Amilah,F,12,3
200105288,12:50:00,Phone,FALSE,2,322,Southwest,168,7800,8,230,"ASSAULT WITH DEADLY WEAPON, AG",216,SCISSORS,IC,Invest Cont,37188,Gabriella,F,49,Yes,Yes,261652,Cheyanne,F,40,Yes,3,No,4001,Lynnie,F,10,3
200105289,17:00:00,Phone,TRUE,4,425,Rampart,165,8500,5,510,VEHICLE - STOLEN,207,OTHER KNIFE,IC,Invest Cont,114217,Taylor,M,44,Yes,Yes,243941,Alphonso,M,32,Yes,6,No,4112,Rashae,F,14,3
200105290,11:00:00,Phone,TRUE,3,336,Van Nuys,250,4149,9,888,TRESPASSING,501,BOMB THREAT,IC,Invest Cont,67617,Leslie,M,51,Yes,No,1593149,Rosanna,F,33,Yes,4,No,1025,Jeret,M,14,3
200105291,18:00:00,Phone,TRUE,4,425,Rampart,165,8500,5,740,VANDALISM - FELONY ($400 & OVE,200,KNIFE WITH BLADE 6INCHES OR LE,IC,Invest Cont,94818,Maggie,F,58,Yes,No,2035445,Rosanne,F,35,Yes,2,No,4112,Rashae,F,14,3
200105293,11:50:00,Phone,TRUE,7,1001,Hollywood,280,3200,8,341,THEFT-GRAND ($950.01 & OVER)EX,208,RAZOR,IC,Invest Cont,39383,Miranda,F,38,Yes,Yes,925163,Mary,M,34,No,0,No,7100,Varnika,F,12,3
200105294,12:00:00,In-Person,TRUE,3,371,West LA,244,5500,9,440,THEFT PLAIN - PETTY ($950 & UN,102,HAND GUN,IC,Invest Cont,777,Darren,M,54,Yes,Yes,485066,Kieran,M,39,No,0,No,1025,Jeret,M,14,3
200105296,11:40:00,Phone,FALSE,3,336,Van Nuys,250,4149,9,341,THEFT-GRAND ($950.01 & OVER)EX,208,RAZOR,IC,Invest Cont,105203,Delores,F,19,Yes,Yes,1771320,Jayme,F,36,Yes,1,No,7010,Syann,F,9,3
200105297,10:15:00,In-Person,TRUE,3,336,Van Nuys,250,4149,9,624,BATTERY - SIMPLE ASSAULT,500,UNKNOWN WEAPON/OTHER WEAPON,IC,Invest Cont,69574,Milton,M,37,Yes,Yes,1000038,Bryon,M,37,No,0,No,1025,Jeret,M,14,3
200105302,18:30:00,In-Person,TRUE,1,223,West Valley,268,3950,8,745,VANDALISM - MISDEAMEANOR ($399,306,ROCK/THROWN OBJECT,IC,Invest Cont,35133,Duane,M,47,Yes,No,78682,Armand,M,33,Yes,1,No,1031,Kowen,M,13,3
200105303,20:00:00,Phone,FALSE,4,425,Rampart,165,8500,5,442,SHOPLIFTING - PETTY THEFT ($95,400,"STRONG-ARM (HANDS, FIST, FEET ",IC,Invest Cont,88312,Preston,M,38,Yes,Yes,2047732,Carlo,M,32,Yes,2,No,3250,Courtnei,F,14,3
200105307,18:00:00,Phone,FALSE,3,336,Van Nuys,250,4149,9,755,BOMB SCARE,301,BELT FLAILING INSTRUMENT/CHAIN,IC,Invest Cont,110351,Kylie,F,19,Yes,Yes,2120501,Addyson,F,36,Yes,2,No,2038,Veldon,M,11,3
200105309,20:50:00,Phone,FALSE,3,371,West LA,244,5500,9,230,"ASSAULT WITH DEADLY WEAPON, AG",216,SCISSORS,AA,Adult Arrest,76378,Genevieve,F,48,Yes,Yes,864426,Gideon,M,34,No,0,No,1026,Jermale,M,9,3
200105311,20:50:00,In-Person,TRUE,3,336,Van Nuys,250,4149,9,230,"ASSAULT WITH DEADLY WEAPON, AG",216,SCISSORS,AA,Adult Arrest,50296,Ruben,M,59,Yes,No,1426713,Kory,M,33,Yes,1,No,7010,Syann,F,9,3
200105312,14:40:00,In-Person,FALSE,1,223,West Valley,268,3950,8,437,RESISTING ARREST,305,FIXED OBJECT,IC,Invest Cont,102839,Aidan,M,58,Yes,No,1888382,Stephany,F,31,No,0,No,1031,Kowen,M,13,3
200105313,02:45:00,Phone,TRUE,2,323,Northeast,255,4100,9,330,BURGLARY FROM VEHICLE,302,BLUNT INSTRUMENT,IC,Invest Cont,35144,Brandy,F,47,Yes,Yes,2365156,Mariam,F,30,No,0,No,4001,Lynnie,F,10,3
200105314,21:00:00,Phone,FALSE,2,323,Northeast,255,4100,9,480,BIKE - STOLEN,504,DEMAND NOTE,IC,Invest Cont,16117,Yolanda,F,48,Yes,No,2287830,Truman,M,31,Yes,1,No,4001,Lynnie,F,10,3
200105317,19:40:00,In-Person,FALSE,3,336,Van Nuys,250,4149,9,745,VANDALISM - MISDEAMEANOR ($399,306,ROCK/THROWN OBJECT,IC,Invest Cont,120906,Jessie,M,35,Yes,Yes,1081769,Lilah,F,36,Yes,6,No,1026,Jermale,M,9,3
200105318,01:00:00,Phone,TRUE,4,425,Rampart,165,8500,5,626,INTIMATE PARTNER - SIMPLE ASSA,109,SEMI-AUTOMATIC PISTOL,AO,Adult Other,25953,Roberto,M,51,Yes,Yes,1971493,Evie,F,32,No,0,No,3250,Courtnei,F,14,3
200105319,08:40:00,In-Person,FALSE,4,425,Rampart,165,8500,5,230,"ASSAULT WITH DEADLY WEAPON, AG",216,SCISSORS,IC,Invest Cont,79986,Carole,F,52,Yes,Yes,369978,Ayanna,F,37,No,0,No,3250,Courtnei,F,14,3
200105321,21:00:00,In-Person,TRUE,2,322,Southwest,168,7800,8,420,THEFT FROM MOTOR VEHICLE - PET,506,FIRE,IC,Invest Cont,42436,Jimmie,M,44,Yes,Yes,1513756,Monty,M,31,No,0,No,4001,Lynnie,F,10,3
200105328,23:00:00,In-Person,FALSE,4,425,Rampart,165,8500,5,626,INTIMATE PARTNER - SIMPLE ASSA,109,SEMI-AUTOMATIC PISTOL,IC,Invest Cont,88789,Joanna,F,58,Yes,No,769468,Karyn,F,30,Yes,6,No,3250,Courtnei,F,14,3
200105331,06:00:00,Phone,FALSE,4,425,Rampart,165,8500,5,761,BRANDISH WEAPON,307,VEHICLE,IC,Invest Cont,23652,Neil,M,46,Yes,Yes,1253014,Agustin,M,41,Yes,6,No,3250,Courtnei,F,14,3
200105333,11:30:00,Phone,FALSE,3,336,Van Nuys,250,4149,9,740,VANDALISM - FELONY ($400 & OVE,200,KNIFE WITH BLADE 6INCHES OR LE,AA,Adult Arrest,120806,Miriam,F,52,Yes,Yes,1719108,Ursula,F,35,Yes,6,No,2038,Veldon,M,11,3
200105334,09:50:00,Phone,FALSE,2,322,Southwest,168,7800,8,210,ROBBERY,515,PHYSICAL PRESENCE,IC,Invest Cont,33419,Natasha,F,51,Yes,Yes,966180,Tyra,F,33,Yes,6,No,4001,Lynnie,F,10,3
200105335,10:17:00,In-Person,TRUE,2,261,77th Street,150,8889,9,440,THEFT PLAIN - PETTY ($950 & UN,102,HAND GUN,IC,Invest Cont,11545,Carson,M,37,Yes,Yes,434220,Kane,M,41,Yes,2,No,4001,Lynnie,F,10,3
200105338,12:00:00,Phone,FALSE,4,425,Rampart,165,8500,5,331,THEFT FROM MOTOR VEHICLE - GRA,312,PIPE/METAL PIPE,IC,Invest Cont,74347,Katrina,F,44,Yes,Yes,1039085,Sanford,M,37,Yes,6,No,1032,Makani,M,13,3
200105344,16:00:00,Phone,FALSE,2,323,Northeast,255,4100,9,624,BATTERY - SIMPLE ASSAULT,500,UNKNOWN WEAPON/OTHER WEAPON,IC,Invest Cont,35060,Leona,F,55,Yes,Yes,255849,Ward,M,39,Yes,2,No,4001,Lynnie,F,10,3
200105347,22:05:00,Phone,TRUE,4,425,Rampart,165,8500,5,753,DISCHARGE FIREARMS/SHOTS FIRED,122,HECKLER & KOCH 93 SEMIAUTOMATI,IC,Invest Cont,46599,Lance,M,49,Yes,Yes,1421128,Cullen,M,34,Yes,1,No,3250,Courtnei,F,14,3
200105350,06:30:00,Phone,TRUE,2,323,Northeast,255,4100,9,624,BATTERY - SIMPLE ASSAULT,500,UNKNOWN WEAPON/OTHER WEAPON,IC,Invest Cont,41,Mariah,F,35,Yes,Yes,1307405,Queen,F,32,Yes,6,No,4001,Lynnie,F,10,3
200105351,17:15:00,In-Person,FALSE,4,425,Rampart,165,8500,5,624,BATTERY - SIMPLE ASSAULT,500,UNKNOWN WEAPON/OTHER WEAPON,IC,Invest Cont,59824,Vickie,F,47,Yes,No,1669607,Marietta,F,35,Yes,6,No,1032,Makani,M,13,3
200105353,10:00:00,In-Person,FALSE,7,1001,Hollywood,280,3200,8,624,BATTERY - SIMPLE ASSAULT,500,UNKNOWN WEAPON/OTHER WEAPON,IC,Invest Cont,94902,Whitney,F,19,Yes,No,2342094,Bria,F,30,Yes,6,No,5100,Rheda,F,12,3
200105354,03:00:00,Phone,TRUE,2,322,Southwest,168,7800,8,440,THEFT PLAIN - PETTY ($950 & UN,102,HAND GUN,IC,Invest Cont,78349,Jocelyn,F,60,Yes,Yes,362405,Maynard,M,39,Yes,6,No,4001,Lynnie,F,10,3
200105357,17:00:00,Phone,FALSE,2,323,Northeast,255,4100,9,624,BATTERY - SIMPLE ASSAULT,500,UNKNOWN WEAPON/OTHER WEAPON,IC,Invest Cont,79757,Everett,M,48,Yes,No,1260494,Jannie,F,35,No,0,No,4011,Nyiesha,F,9,3
200105359,16:10:00,In-Person,FALSE,4,425,Rampart,165,8500,5,860,BATTERY WITH SEXUAL CONTACT,201,KNIFE WITH BLADE OVER 6 INCHES,AA,Adult Arrest,66746,Riley,F,33,Yes,No,1049559,Gerry,M,40,Yes,5,No,1032,Makani,M,13,3
200105362,21:20:00,In-Person,TRUE,4,425,Rampart,165,8500,5,220,ATTEMPTED ROBBERY,219,SCREWDRIVER,IC,Invest Cont,109119,Diego,M,19,Yes,Yes,1861906,Merle,F,40,Yes,1,No,1032,Makani,M,13,3
200105363,22:00:00,Phone,FALSE,3,371,West LA,244,5500,9,330,BURGLARY FROM VEHICLE,302,BLUNT INSTRUMENT,IC,Invest Cont,2364,Parker,M,19,Yes,Yes,135551,Renae,F,37,No,0,No,1026,Jermale,M,9,3
200105367,12:30:00,Phone,FALSE,4,425,Rampart,165,8500,5,341,THEFT-GRAND ($950.01 & OVER)EX,208,RAZOR,IC,Invest Cont,106747,Cecil,M,37,Yes,Yes,2147218,Wendi,F,35,No,0,No,3250,Courtnei,F,14,3
200105369,15:10:00,Phone,FALSE,4,425,Rampart,165,8500,5,946,OTHER MISCELLANEOUS CRIME,204,FOLDING KNIFE,IC,Invest Cont,7632,Kara,F,42,Yes,No,519028,Royal,M,31,Yes,4,No,1033,Niki,M,14,3
200105370,17:00:00,Phone,TRUE,2,261,77th Street,150,8889,9,310,BURGLARY,113,SIMULATED GUN,IC,Invest Cont,85011,Dan,M,39,Yes,No,875747,Fletcher,M,31,No,0,No,4001,Lynnie,F,10,3
200105371,18:35:00,Phone,TRUE,4,425,Rampart,165,8500,5,442,SHOPLIFTING - PETTY THEFT ($95,400,"STRONG-ARM (HANDS, FIST, FEET ",IC,Invest Cont,77512,Meghan,F,52,Yes,No,2153785,Odell,M,39,No,0,No,4112,Rashae,F,14,3
200105373,04:30:00,In-Person,TRUE,3,336,Van Nuys,250,4149,9,341,THEFT-GRAND ($950.01 & OVER)EX,208,RAZOR,IC,Invest Cont,73747,Brooklyn,F,39,Yes,Yes,1287315,Kaelyn,F,31,No,0,No,7010,Syann,F,9,3
200105375,03:00:00,In-Person,FALSE,4,425,Rampart,165,8500,5,210,ROBBERY,515,PHYSICAL PRESENCE,IC,Invest Cont,122167,Margie,F,46,Yes,No,912495,Jordon,M,35,No,0,No,3250,Courtnei,F,14,3
200105384,10:40:00,Phone,FALSE,3,371,West LA,244,5500,9,341,THEFT-GRAND ($950.01 & OVER)EX,208,RAZOR,IC,Invest Cont,31018,Allan,M,31,Yes,No,2305707,Kiersten,F,36,No,0,No,3246,Bonnell,F,9,3
200105386,18:35:00,Phone,TRUE,4,425,Rampart,165,8500,5,440,THEFT PLAIN - PETTY ($950 & UN,102,HAND GUN,IC,Invest Cont,105888,Bethany,F,49,Yes,No,699734,Deon,M,34,No,0,No,4112,Rashae,F,14,3
200105388,19:15:00,Phone,FALSE,7,1001,Hollywood,280,3200,8,330,BURGLARY FROM VEHICLE,302,BLUNT INSTRUMENT,IC,Invest Cont,96698,Eduardo,M,32,Yes,Yes,1592388,Annabel,F,40,Yes,1,No,5555,Shaaron,F,13,3
200105393,19:00:00,Phone,FALSE,3,336,Van Nuys,250,4149,9,330,BURGLARY FROM VEHICLE,302,BLUNT INSTRUMENT,IC,Invest Cont,26494,Ana,F,55,Yes,No,1858234,Joelle,F,31,Yes,2,No,2038,Veldon,M,11,3
200105399,11:50:00,Phone,TRUE,3,371,West LA,244,5500,9,860,BATTERY WITH SEXUAL CONTACT,201,KNIFE WITH BLADE OVER 6 INCHES,AA,Adult Arrest,27427,Marsha,F,41,Yes,Yes,1406061,Chelsie,F,32,No,0,No,4004,Mirakle,F,9,3
200105400,11:45:00,Phone,TRUE,3,336,Van Nuys,250,4149,9,860,BATTERY WITH SEXUAL CONTACT,201,KNIFE WITH BLADE OVER 6 INCHES,IC,Invest Cont,45767,Karl,M,36,Yes,No,1975298,Leeann,F,37,No,0,No,1026,Jermale,M,9,3
200105401,13:50:00,Phone,FALSE,4,425,Rampart,165,8500,5,860,BATTERY WITH SEXUAL CONTACT,201,KNIFE WITH BLADE OVER 6 INCHES,AA,Adult Arrest,7007,Nolan,M,6,Yes,No,1997354,Lourdes,F,36,Yes,5,No,3250,Courtnei,F,14,3
200105402,12:20:00,In-Person,TRUE,4,425,Rampart,165,8500,5,860,BATTERY WITH SEXUAL CONTACT,201,KNIFE WITH BLADE OVER 6 INCHES,AA,Adult Arrest,37477,Makayla,F,38,Yes,No,1815894,Amira,F,34,Yes,1,No,3250,Courtnei,F,14,3
200105403,23:00:00,Phone,TRUE,3,371,West LA,244,5500,9,350,"THEFT, PERSON",221,GLASS,IC,Invest Cont,4311,Hayden,M,33,Yes,No,1307278,Kirby,M,37,Yes,7,No,1026,Jermale,M,9,3
200105404,06:55:00,Phone,FALSE,2,323,Northeast,255,4100,9,761,BRANDISH WEAPON,307,VEHICLE,IC,Invest Cont,45120,Toni,F,51,Yes,Yes,47408,Noel,F,34,No,0,No,4001,Lynnie,F,10,3
200105406,09:50:00,Phone,FALSE,4,425,Rampart,165,8500,5,753,DISCHARGE FIREARMS/SHOTS FIRED,122,HECKLER & KOCH 93 SEMIAUTOMATI,IC,Invest Cont,12961,Riley,M,53,Yes,No,797583,Mohammad,M,31,Yes,2,No,4112,Rashae,F,14,3
200105407,13:00:00,Phone,TRUE,4,425,Rampart,165,8500,5,480,BIKE - STOLEN,504,DEMAND NOTE,IC,Invest Cont,18814,Christy,F,36,Yes,No,2271588,Corine,F,33,No,0,No,1033,Niki,M,14,3
200105409,14:10:00,Phone,FALSE,4,425,Rampart,165,8500,5,210,ROBBERY,515,PHYSICAL PRESENCE,AA,Adult Arrest,69478,Clinton,M,48,Yes,Yes,235669,Isabell,F,34,Yes,1,No,3250,Courtnei,F,14,3
200105413,11:00:00,Phone,TRUE,2,261,77th Street,150,8889,9,624,BATTERY - SIMPLE ASSAULT,500,UNKNOWN WEAPON/OTHER WEAPON,IC,Invest Cont,66517,Billie,F,47,Yes,Yes,442068,Hollis,M,36,Yes,4,No,1023,Everrett,M,12,3
200105414,16:00:00,Phone,FALSE,3,371,West LA,244,5500,9,510,VEHICLE - STOLEN,207,OTHER KNIFE,IC,Invest Cont,15112,Johnnie,M,39,Yes,Yes,2123638,Madelynn,F,32,No,0,No,2038,Veldon,M,11,3
200105419,12:30:00,Phone,TRUE,2,323,Northeast,255,4100,9,910,KIDNAPPING,308,STICK,IC,Invest Cont,91784,Ariana,F,6,No,No,1799689,Vito,M,41,Yes,6,No,4001,Lynnie,F,10,3
200105420,14:20:00,Phone,FALSE,4,425,Rampart,165,8500,5,420,THEFT FROM MOTOR VEHICLE - PET,506,FIRE,IC,Invest Cont,73933,Kendra,F,47,No,Yes,774147,Kaila,F,36,Yes,2,No,1033,Niki,M,14,3
200105422,22:00:00,Phone,TRUE,4,425,Rampart,165,8500,5,210,ROBBERY,515,PHYSICAL PRESENCE,IC,Invest Cont,17759,Alexandria,F,41,No,No,1891436,Princess,F,33,Yes,1,No,3250,Courtnei,F,14,3
200105424,01:00:00,In-Person,TRUE,4,425,Rampart,165,8500,5,330,BURGLARY FROM VEHICLE,302,BLUNT INSTRUMENT,IC,Invest Cont,46839,Sierra,F,30,Yes,Yes,745363,Halle,F,37,No,0,No,4112,Rashae,F,14,3
200105425,05:00:00,Phone,TRUE,4,425,Rampart,165,8500,5,440,THEFT PLAIN - PETTY ($950 & UN,102,HAND GUN,IC,Invest Cont,42113,Bailey,F,55,No,No,430283,Felicity,F,33,Yes,1,No,1033,Niki,M,14,3
200105426,15:55:00,In-Person,TRUE,4,425,Rampart,165,8500,5,624,BATTERY - SIMPLE ASSAULT,500,UNKNOWN WEAPON/OTHER WEAPON,IC,Invest Cont,33322,Javier,M,56,No,No,1124430,Donnell,M,40,No,0,No,1033,Niki,M,14,3
200105427,21:30:00,In-Person,TRUE,2,322,Southwest,168,7800,8,624,BATTERY - SIMPLE ASSAULT,500,UNKNOWN WEAPON/OTHER WEAPON,IC,Invest Cont,88549,Penny,F,59,No,Yes,2170739,Kris,M,40,Yes,4,No,4001,Lynnie,F,10,3
200105428,15:00:00,Phone,FALSE,4,425,Rampart,165,8500,5,440,THEFT PLAIN - PETTY ($950 & UN,102,HAND GUN,IC,Invest Cont,2006,Dora,F,49,Yes,No,905855,Gunnar,M,31,No,0,No,4112,Rashae,F,14,3
200105429,15:00:00,Phone,FALSE,7,1001,Hollywood,280,3200,8,440,THEFT PLAIN - PETTY ($950 & UN,102,HAND GUN,IC,Invest Cont,51053,Melody,F,47,No,No,1996836,Brayan,M,39,No,0,No,5100,Rheda,F,12,3
200105430,01:00:00,Phone,TRUE,3,371,West LA,244,5500,9,440,THEFT PLAIN - PETTY ($950 & UN,102,HAND GUN,IC,Invest Cont,14770,Angel,F,52,Yes,Yes,995526,Aline,F,37,No,0,No,2038,Veldon,M,11,3
200105431,15:27:00,Phone,TRUE,3,371,West LA,244,5500,9,343,SHOPLIFTING-GRAND THEFT ($950.,116,ANTIQUE FIREARM,IC,Invest Cont,116209,Roland,M,36,Yes,No,2053532,Amari,F,31,No,0,No,2038,Veldon,M,11,3
200105432,09:00:00,Phone,TRUE,4,425,Rampart,165,8500,5,420,THEFT FROM MOTOR VEHICLE - PET,506,FIRE,IC,Invest Cont,30014,Omar,M,31,Yes,No,1355615,Karson,M,37,Yes,1,No,1033,Niki,M,14,3
200105433,23:43:00,Phone,TRUE,4,425,Rampart,165,8500,5,626,INTIMATE PARTNER - SIMPLE ASSA,109,SEMI-AUTOMATIC PISTOL,IC,Invest Cont,41105,Hattie,F,33,Yes,Yes,315694,Ronny,M,34,Yes,3,No,3250,Courtnei,F,14,3
200105449,19:25:00,Phone,FALSE,3,336,Van Nuys,250,4149,9,900,VIOLATION OF COURT ORDER,223,UNKNOWN TYPE CUTTING INSTRUMEN,IC,Invest Cont,111999,Johnathan,M,31,No,No,616080,Sheree,F,30,No,0,No,2038,Veldon,M,11,3
200105450,23:00:00,In-Person,FALSE,7,1001,Hollywood,280,3200,8,330,BURGLARY FROM VEHICLE,302,BLUNT INSTRUMENT,IC,Invest Cont,116461,Kay,F,51,Yes,Yes,892706,Muhammad,M,33,Yes,5,No,5555,Shaaron,F,13,3
200105454,01:00:00,Phone,TRUE,2,261,77th Street,150,8889,9,740,VANDALISM - FELONY ($400 & OVE,200,KNIFE WITH BLADE 6INCHES OR LE,IC,Invest Cont,101986,Cecilia,F,53,Yes,No,1094834,Tamera,F,31,No,0,No,4001,Lynnie,F,10,3
200105459,20:00:00,In-Person,FALSE,3,371,West LA,244,5500,9,331,THEFT FROM MOTOR VEHICLE - GRA,312,PIPE/METAL PIPE,AA,Adult Arrest,111160,Fernando,M,38,Yes,No,1602668,Maia,F,31,Yes,1,No,2038,Veldon,M,11,3
200105475,08:30:00,Phone,FALSE,2,322,Southwest,168,7800,8,624,BATTERY - SIMPLE ASSAULT,500,UNKNOWN WEAPON/OTHER WEAPON,IC,Invest Cont,79362,Felicia,F,32,Yes,Yes,419324,Remington,M,36,No,0,No,4001,Lynnie,F,10,3
200105476,20:09:00,Phone,TRUE,3,371,West LA,244,5500,9,624,BATTERY - SIMPLE ASSAULT,500,UNKNOWN WEAPON/OTHER WEAPON,IC,Invest Cont,120353,Maxwell,M,46,No,Yes,1166733,Margot,F,34,Yes,5,No,1026,Jermale,M,9,3
200105477,11:08:00,In-Person,FALSE,1,223,West Valley,268,3950,8,624,BATTERY - SIMPLE ASSAULT,500,UNKNOWN WEAPON/OTHER WEAPON,IC,Invest Cont,21389,Jenny,F,32,Yes,No,1314870,Ezequiel,M,31,Yes,3,No,4444,Miciah,F,8,3
200105480,14:30:00,Phone,FALSE,4,425,Rampart,165,8500,5,330,BURGLARY FROM VEHICLE,302,BLUNT INSTRUMENT,IC,Invest Cont,56937,Micah,M,33,Yes,No,375740,Jena,F,37,No,0,No,1033,Niki,M,14,3
200105481,17:55:00,Phone,FALSE,7,1001,Hollywood,280,3200,8,623,BATTERY POLICE (SIMPLE),215,MACHETE,AO,Adult Other,58804,Isabelle,F,59,Yes,No,2252242,Nita,F,34,No,0,No,5100,Rheda,F,12,3
200105482,21:00:00,In-Person,TRUE,3,371,West LA,244,5500,9,330,BURGLARY FROM VEHICLE,302,BLUNT INSTRUMENT,IC,Invest Cont,24966,Ada,F,37,Yes,Yes,2310283,Stacey,M,39,No,0,No,1029,Keysean,M,9,3
200105483,10:00:00,Phone,FALSE,3,336,Van Nuys,250,4149,9,420,THEFT FROM MOTOR VEHICLE - PET,506,FIRE,AA,Adult Arrest,93152,Briana,F,32,No,No,112194,Amara,F,32,No,0,No,2038,Veldon,M,11,3
200105485,20:00:00,In-Person,FALSE,2,261,77th Street,150,8889,9,420,THEFT FROM MOTOR VEHICLE - PET,506,FIRE,IC,Invest Cont,103369,Tanner,M,30,Yes,Yes,1687417,Rowan,F,37,Yes,3,No,3249,Cledith,F,13,3
200105486,12:00:00,Phone,FALSE,3,371,West LA,244,5500,9,341,THEFT-GRAND ($950.01 & OVER)EX,208,RAZOR,IC,Invest Cont,58439,Marguerite,F,60,No,Yes,1770018,Elle,F,35,Yes,4,No,1026,Jermale,M,9,3
200105489,20:10:00,In-Person,TRUE,7,1001,Hollywood,280,3200,8,930,CRIMINAL THREATS - NO WEAPON D,212,BOTTLE,IC,Invest Cont,14755,Angelica,F,58,Yes,No,957131,Camron,M,36,No,0,No,5100,Rheda,F,12,3
200105490,18:10:00,Phone,FALSE,3,336,Van Nuys,250,4149,9,210,ROBBERY,515,PHYSICAL PRESENCE,IC,Invest Cont,33202,Marshall,M,47,Yes,No,1118259,Bailee,F,31,No,0,No,2038,Veldon,M,11,3
200105493,00:15:00,In-Person,FALSE,2,322,Southwest,168,7800,8,740,VANDALISM - FELONY ($400 & OVE,200,KNIFE WITH BLADE 6INCHES OR LE,AO,Adult Other,39428,Bridget,F,35,No,No,1031124,Concetta,F,35,No,0,No,4001,Lynnie,F,10,3
200105496,19:50:00,In-Person,TRUE,2,322,Southwest,168,7800,8,210,ROBBERY,515,PHYSICAL PRESENCE,IC,Invest Cont,66128,Tracey,F,44,Yes,No,10248,Hester,F,41,No,0,No,4001,Lynnie,F,10,3
200105499,05:00:00,Phone,FALSE,3,371,West LA,244,5500,9,230,"ASSAULT WITH DEADLY WEAPON, AG",216,SCISSORS,AA,Adult Arrest,38517,Arianna,F,56,No,No,1300349,Tammi,F,35,No,0,No,1026,Jermale,M,9,3
200105507,10:15:00,Phone,TRUE,4,425,Rampart,165,8500,5,762,LEWD CONDUCT,309,BOARD,AA,Adult Arrest,57217,Madelyn,F,30,No,No,1861728,Nigel,M,35,No,0,No,1033,Niki,M,14,3
200105512,23:35:00,In-Person,FALSE,7,1001,Hollywood,280,3200,8,951,DEFRAUDING INNKEEPER/THEFT OF,502,BOW AND ARROW,AA,Adult Arrest,28956,Adriana,F,59,No,Yes,1580034,Earlene,F,33,Yes,7,No,7100,Varnika,F,12,3
200105513,19:02:00,Phone,TRUE,2,261,77th Street,150,8889,9,442,SHOPLIFTING - PETTY THEFT ($95,400,"STRONG-ARM (HANDS, FIST, FEET ",IC,Invest Cont,101567,Andy,M,51,No,No,2325596,Isaias,M,33,Yes,4,No,1023,Everrett,M,12,3
200105517,14:00:00,In-Person,FALSE,3,371,West LA,244,5500,9,510,VEHICLE - STOLEN,207,OTHER KNIFE,IC,Invest Cont,27827,Guy,M,52,No,No,785502,Haven,F,36,No,0,No,1026,Jermale,M,9,3
200105519,17:00:00,Phone,TRUE,2,322,Southwest,168,7800,8,420,THEFT FROM MOTOR VEHICLE - PET,506,FIRE,IC,Invest Cont,20567,Nicolas,M,30,No,No,1238820,Arya,F,40,No,0,No,4001,Lynnie,F,10,3
200105521,01:45:00,Phone,FALSE,7,1001,Hollywood,280,3200,8,888,TRESPASSING,501,BOMB THREAT,IC,Invest Cont,42481,Jackie,F,60,No,Yes,1598634,Lesly,F,41,No,0,No,5100,Rheda,F,12,3
200105522,15:30:00,Phone,FALSE,2,322,Southwest,168,7800,8,330,BURGLARY FROM VEHICLE,302,BLUNT INSTRUMENT,IC,Invest Cont,5838,Candace,F,35,No,Yes,2223518,Janessa,F,37,No,0,No,4001,Lynnie,F,10,3
200105525,20:26:00,Phone,FALSE,3,371,West LA,244,5500,9,442,SHOPLIFTING - PETTY THEFT ($95,400,"STRONG-ARM (HANDS, FIST, FEET ",IC,Invest Cont,106410,Claude,M,52,Yes,Yes,262427,Kourtney,F,33,Yes,4,No,2038,Veldon,M,11,3
200105528,14:00:00,In-Person,TRUE,4,425,Rampart,165,8500,5,480,BIKE - STOLEN,504,DEMAND NOTE,IC,Invest Cont,57031,Pedro,M,42,Yes,Yes,1806401,Thea,F,39,No,0,No,3251,Genever,F,11,3
200105529,23:30:00,Phone,FALSE,3,371,West LA,244,5500,9,330,BURGLARY FROM VEHICLE,302,BLUNT INSTRUMENT,IC,Invest Cont,121522,Jillian,F,56,No,Yes,1336192,Domingo,M,32,No,0,No,2038,Veldon,M,11,3
200105531,07:15:00,In-Person,FALSE,3,371,West LA,244,5500,9,624,BATTERY - SIMPLE ASSAULT,500,UNKNOWN WEAPON/OTHER WEAPON,IC,Invest Cont,107260,Brittney,F,36,Yes,Yes,1220709,Weldon,M,36,No,0,No,1026,Jermale,M,9,3
200105535,11:00:00,Phone,FALSE,1,223,West Valley,268,3950,8,440,THEFT PLAIN - PETTY ($950 & UN,102,HAND GUN,IC,Invest Cont,111457,Damian,M,51,Yes,Yes,1986072,Devan,M,36,No,0,No,2039,Vikash,M,10,3
200105538,12:55:00,Phone,FALSE,4,425,Rampart,165,8500,5,910,KIDNAPPING,308,STICK,IC,Invest Cont,44949,Lola,F,6,No,Yes,2295174,Lorelei,F,36,Yes,1,No,1033,Niki,M,14,3
200105540,07:50:00,Phone,FALSE,3,371,West LA,244,5500,9,860,BATTERY WITH SEXUAL CONTACT,201,KNIFE WITH BLADE OVER 6 INCHES,IC,Invest Cont,100841,Ross,M,36,Yes,No,571130,Estrella,F,32,Yes,7,No,1026,Jermale,M,9,3
200105547,11:40:00,Phone,FALSE,7,1001,Hollywood,280,3200,8,946,OTHER MISCELLANEOUS CRIME,204,FOLDING KNIFE,IC,Invest Cont,79989,Layla,F,56,Yes,Yes,906576,Kaye,F,31,No,0,No,5100,Rheda,F,12,3
200105548,21:20:00,Phone,FALSE,2,323,Northeast,255,4100,9,330,BURGLARY FROM VEHICLE,302,BLUNT INSTRUMENT,IC,Invest Cont,88033,Jade,F,33,Yes,Yes,139917,Haleigh,F,32,No,0,No,4001,Lynnie,F,10,3
200105549,11:00:00,Phone,TRUE,4,425,Rampart,165,8500,5,310,BURGLARY,113,SIMULATED GUN,IC,Invest Cont,63325,Harriet,F,58,Yes,Yes,971579,Maryanne,F,34,No,0,No,1033,Niki,M,14,3
200105550,11:45:00,Phone,TRUE,3,336,Van Nuys,250,4149,9,624,BATTERY - SIMPLE ASSAULT,500,UNKNOWN WEAPON/OTHER WEAPON,IC,Invest Cont,108767,Bobbie,F,6,Yes,No,1413410,Tianna,F,35,Yes,3,No,1026,Jermale,M,9,3
200105553,08:00:00,Phone,FALSE,1,223,West Valley,268,3950,8,740,VANDALISM - FELONY ($400 & OVE,200,KNIFE WITH BLADE 6INCHES OR LE,IC,Invest Cont,62509,Cooper,M,46,No,Yes,502414,Scot,M,40,Yes,3,No,2039,Vikash,M,10,3
200105554,01:00:00,Phone,TRUE,4,425,Rampart,165,8500,5,310,BURGLARY,113,SIMULATED GUN,IC,Invest Cont,90976,Kurt,M,36,Yes,Yes,773075,Petra,F,32,No,0,No,1033,Niki,M,14,3
200105556,15:40:00,In-Person,FALSE,7,1001,Hollywood,280,3200,8,624,BATTERY - SIMPLE ASSAULT,500,UNKNOWN WEAPON/OTHER WEAPON,IC,Invest Cont,40576,Kristine,F,55,No,No,1017952,Lakeisha,F,41,Yes,3,No,5100,Rheda,F,12,3
200105558,11:45:00,Phone,FALSE,7,1001,Hollywood,280,3200,8,350,"THEFT, PERSON",221,GLASS,IC,Invest Cont,92958,Aaliyah,F,48,No,No,2245423,Benito,M,30,Yes,6,No,5100,Rheda,F,12,3
200105564,23:00:00,Phone,FALSE,2,261,77th Street,150,8889,9,330,BURGLARY FROM VEHICLE,302,BLUNT INSTRUMENT,IC,Invest Cont,35578,Geneva,F,30,No,Yes,353795,Garret,M,31,Yes,3,No,4001,Lynnie,F,10,3
200105570,20:30:00,Phone,FALSE,7,1001,Hollywood,280,3200,8,331,THEFT FROM MOTOR VEHICLE - GRA,312,PIPE/METAL PIPE,IC,Invest Cont,92559,Desiree,F,38,No,Yes,1832459,Deena,F,37,Yes,1,No,5100,Rheda,F,12,3
200105571,08:00:00,Phone,FALSE,4,425,Rampart,165,8500,5,440,THEFT PLAIN - PETTY ($950 & UN,102,HAND GUN,IC,Invest Cont,38547,Dakota,M,36,No,Yes,1709620,Mitchel,M,33,No,0,No,1033,Niki,M,14,3
200105574,12:21:00,Phone,TRUE,4,425,Rampart,165,8500,5,343,SHOPLIFTING-GRAND THEFT ($950.,116,ANTIQUE FIREARM,IC,Invest Cont,50973,Shelly,F,59,Yes,No,353880,Trista,F,41,Yes,7,No,3251,Genever,F,11,3
200105575,15:10:00,Phone,FALSE,1,223,West Valley,268,3950,8,910,KIDNAPPING,308,STICK,IC,Invest Cont,86300,Becky,F,6,No,Yes,104653,Hiram,M,36,No,0,No,2039,Vikash,M,10,3
200105577,09:30:00,Phone,TRUE,3,371,West LA,244,5500,9,624,BATTERY - SIMPLE ASSAULT,500,UNKNOWN WEAPON/OTHER WEAPON,IC,Invest Cont,3583,Jacquelyn,F,38,No,No,1218163,Moshe,M,39,No,0,No,1026,Jermale,M,9,3
200105578,17:30:00,In-Person,TRUE,1,223,West Valley,268,3950,8,310,BURGLARY,113,SIMULATED GUN,IC,Invest Cont,27817,Kelly,M,59,Yes,No,1043946,Aleah,F,39,Yes,4,No,2039,Vikash,M,10,3
200105581,00:25:00,Phone,FALSE,7,1001,Hollywood,280,3200,8,210,ROBBERY,515,PHYSICAL PRESENCE,IC,Invest Cont,96626,Blanche,F,55,No,Yes,1070844,Osvaldo,M,40,Yes,2,No,5100,Rheda,F,12,3
200105583,17:15:00,Phone,TRUE,4,425,Rampart,165,8500,5,350,"THEFT, PERSON",221,GLASS,IC,Invest Cont,32468,Velma,F,38,Yes,Yes,1947829,Benita,F,33,No,0,No,1033,Niki,M,14,3
200105585,22:30:00,In-Person,TRUE,7,1001,Hollywood,280,3200,8,330,BURGLARY FROM VEHICLE,302,BLUNT INSTRUMENT,IC,Invest Cont,56657,Raul,M,49,Yes,No,996637,Adrianne,F,35,No,0,No,5100,Rheda,F,12,3
200105586,16:10:00,Phone,TRUE,1,223,West Valley,268,3950,8,624,BATTERY - SIMPLE ASSAULT,500,UNKNOWN WEAPON/OTHER WEAPON,IC,Invest Cont,45337,Brad,M,36,No,No,364245,Edythe,F,34,No,0,No,2039,Vikash,M,10,3
200105591,00:45:00,Phone,TRUE,1,223,West Valley,268,3950,8,626,INTIMATE PARTNER - SIMPLE ASSA,109,SEMI-AUTOMATIC PISTOL,IC,Invest Cont,9515,Sherri,F,60,Yes,Yes,2368880,Zelda,F,35,No,0,No,2039,Vikash,M,10,3
200105592,03:45:00,Phone,FALSE,3,336,Van Nuys,250,4149,9,330,BURGLARY FROM VEHICLE,302,BLUNT INSTRUMENT,IC,Invest Cont,91036,Andres,M,34,No,Yes,653730,Alena,F,35,Yes,1,No,1026,Jermale,M,9,3
200105596,10:00:00,In-Person,TRUE,3,371,West LA,244,5500,9,740,VANDALISM - FELONY ($400 & OVE,200,KNIFE WITH BLADE 6INCHES OR LE,IC,Invest Cont,30318,Susie,F,35,No,Yes,1571143,Trevon,M,33,Yes,6,No,1026,Jermale,M,9,3
200105599,20:50:00,Phone,TRUE,4,425,Rampart,165,8500,5,626,INTIMATE PARTNER - SIMPLE ASSA,109,SEMI-AUTOMATIC PISTOL,IC,Invest Cont,98004,Fannie,F,39,Yes,No,1570846,Melany,F,36,Yes,2,No,1033,Niki,M,14,3
200105601,20:30:00,Phone,FALSE,3,371,West LA,244,5500,9,625,OTHER ASSAULT,104,SHOTGUN,AO,Adult Other,27659,Jamie,M,30,Yes,No,1004776,Tamra,F,35,Yes,3,No,3246,Bonnell,F,9,3
200105602,01:00:00,Phone,FALSE,4,425,Rampart,165,8500,5,626,INTIMATE PARTNER - SIMPLE ASSA,109,SEMI-AUTOMATIC PISTOL,IC,Invest Cont,73522,Sidney,M,55,No,No,1067952,Nataly,F,41,No,0,No,3251,Genever,F,11,3
200105604,06:30:00,Phone,TRUE,4,425,Rampart,165,8500,5,440,THEFT PLAIN - PETTY ($950 & UN,102,HAND GUN,AO,Adult Other,97883,Zoey,F,52,Yes,No,290499,Demarcus,M,33,Yes,6,No,3251,Genever,F,11,3
200105608,08:45:00,Phone,TRUE,6,990,Hollenbeck,170,6686,5,860,BATTERY WITH SEXUAL CONTACT,201,KNIFE WITH BLADE OVER 6 INCHES,IC,Invest Cont,113532,Breanna,F,48,Yes,Yes,1964352,Bertie,F,36,No,0,No,1024,Izreal,M,9,3
200105609,08:45:00,Phone,FALSE,4,425,Rampart,165,8500,5,860,BATTERY WITH SEXUAL CONTACT,201,KNIFE WITH BLADE OVER 6 INCHES,IC,Invest Cont,61661,Monique,F,38,Yes,Yes,1698211,Jaden,F,36,Yes,5,No,1033,Niki,M,14,3
200105610,08:00:00,In-Person,FALSE,1,223,West Valley,268,3950,8,230,"ASSAULT WITH DEADLY WEAPON, AG",216,SCISSORS,IC,Invest Cont,11671,Hugh,M,59,No,No,1619691,Journey,F,39,Yes,1,No,2039,Vikash,M,10,3
200105612,10:15:00,Phone,FALSE,2,323,Northeast,255,4100,9,624,BATTERY - SIMPLE ASSAULT,500,UNKNOWN WEAPON/OTHER WEAPON,IC,Invest Cont,81248,Lula,F,30,Yes,No,1889955,Aurelia,F,34,Yes,6,No,4001,Lynnie,F,10,3
200105619,13:00:00,Phone,TRUE,4,425,Rampart,165,8500,5,745,VANDALISM - MISDEAMEANOR ($399,306,ROCK/THROWN OBJECT,IC,Invest Cont,60661,Iris,F,36,No,No,2282713,Thalia,F,31,No,0,No,3251,Genever,F,11,3
200105626,19:00:00,Phone,TRUE,3,371,West LA,244,5500,9,351,PURSE SNATCHING,217,SWORD,IC,Invest Cont,6887,Byron,M,46,Yes,Yes,1548822,Bridgett,F,40,Yes,1,No,1026,Jermale,M,9,3
200105628,20:00:00,Phone,TRUE,4,425,Rampart,165,8500,5,220,ATTEMPTED ROBBERY,219,SCREWDRIVER,IC,Invest Cont,37365,Jodi,F,60,Yes,No,946814,Josefina,F,40,Yes,2,No,1033,Niki,M,14,3
200105630,14:55:00,Phone,FALSE,7,1001,Hollywood,280,3200,8,745,VANDALISM - MISDEAMEANOR ($399,306,ROCK/THROWN OBJECT,AA,Adult Arrest,15022,Casey,F,49,Yes,Yes,1632,Tameka,F,40,Yes,1,Yes,5100,Rheda,F,12,3
200105632,08:05:00,Phone,FALSE,1,223,West Valley,268,3950,8,860,BATTERY WITH SEXUAL CONTACT,201,KNIFE WITH BLADE OVER 6 INCHES,IC,Invest Cont,35924,Elias,M,51,Yes,No,1357858,Rocio,F,31,Yes,6,No,2039,Vikash,M,10,3
200105634,15:00:00,Phone,FALSE,1,223,West Valley,268,3950,8,480,BIKE - STOLEN,504,DEMAND NOTE,IC,Invest Cont,13264,Rick,M,54,Yes,No,1961656,Annabella,F,34,Yes,6,Yes,2039,Vikash,M,10,3
200105635,09:00:00,In-Person,FALSE,1,223,West Valley,268,3950,8,440,THEFT PLAIN - PETTY ($950 & UN,102,HAND GUN,AA,Adult Arrest,8484,Wallace,M,56,No,Yes,1027589,David,F,34,Yes,6,Yes,2039,Vikash,M,10,3
200105637,11:45:00,In-Person,FALSE,5,893,Harbor,180,6500,10,440,THEFT PLAIN - PETTY ($950 & UN,102,HAND GUN,IC,Invest Cont,51617,Harper,F,38,No,No,2110120,Adriel,M,34,Yes,6,Yes,5245,Scotlynn,F,9,3
200105655,19:00:00,Phone,TRUE,4,425,Rampart,165,8500,5,740,VANDALISM - FELONY ($400 & OVE,200,KNIFE WITH BLADE 6INCHES OR LE,IC,Invest Cont,41615,Harrison,M,58,No,Yes,256945,Elliana,F,40,Yes,1,No,1033,Niki,M,14,3
200105656,16:10:00,In-Person,TRUE,7,1001,Hollywood,280,3200,8,341,THEFT-GRAND ($950.01 & OVER)EX,208,RAZOR,IC,Invest Cont,107640,Krista,F,36,Yes,No,170534,Georgette,F,33,Yes,6,No,5555,Shaaron,F,13,3
200105657,19:00:00,Phone,FALSE,7,1001,Hollywood,280,3200,8,330,BURGLARY FROM VEHICLE,302,BLUNT INSTRUMENT,IC,Invest Cont,89565,Hilda,F,33,No,Yes,11452,Desirae,F,30,Yes,5,No,5100,Rheda,F,12,3
200105661,18:45:00,Phone,TRUE,2,322,Southwest,168,7800,8,341,THEFT-GRAND ($950.01 & OVER)EX,208,RAZOR,AO,Adult Other,41718,Tyrone,M,38,Yes,No,816914,Catharine,F,32,Yes,1,Yes,4001,Lynnie,F,10,3
200105662,17:45:00,Phone,FALSE,3,371,West LA,244,5500,9,230,"ASSAULT WITH DEADLY WEAPON, AG",216,SCISSORS,IC,Invest Cont,14422,Jaxon,M,42,No,No,2348276,Messiah,M,32,Yes,6,No,7010,Syann,F,9,3
200105663,22:15:00,Phone,TRUE,7,1001,Hollywood,280,3200,8,330,BURGLARY FROM VEHICLE,302,BLUNT INSTRUMENT,IC,Invest Cont,3710,Lonnie,M,59,No,Yes,1856554,Marci,F,32,Yes,1,No,5100,Rheda,F,12,3
200105664,03:00:00,In-Person,TRUE,1,223,West Valley,268,3950,8,626,INTIMATE PARTNER - SIMPLE ASSA,109,SEMI-AUTOMATIC PISTOL,IC,Invest Cont,88984,Rafael,M,60,No,No,2010758,Maricela,F,30,Yes,6,Yes,2039,Vikash,M,10,3
200105665,21:30:00,Phone,FALSE,3,336,Van Nuys,250,4149,9,330,BURGLARY FROM VEHICLE,302,BLUNT INSTRUMENT,AA,Adult Arrest,50269,Gabriela,F,37,Yes,Yes,293585,Addison,M,33,Yes,6,Yes,1026,Jermale,M,9,3
200105666,14:00:00,Phone,FALSE,1,223,West Valley,268,3950,8,480,BIKE - STOLEN,504,DEMAND NOTE,IC,Invest Cont,48578,Sheryl,F,50,Yes,No,795237,Rebeca,F,32,Yes,2,Yes,2039,Vikash,M,10,3
200105669,21:00:00,Phone,FALSE,2,261,77th Street,150,8889,9,330,BURGLARY FROM VEHICLE,302,BLUNT INSTRUMENT,IC,Invest Cont,118341,Kristi,F,36,Yes,Yes,1161904,Aubrie,F,33,Yes,3,Yes,3249,Cledith,F,13,3
200105670,02:00:00,In-Person,TRUE,2,323,Northeast,255,4100,9,761,BRANDISH WEAPON,307,VEHICLE,IC,Invest Cont,59382,Rosie,F,36,No,Yes,426257,Laverne,M,40,Yes,6,No,4001,Lynnie,F,10,3
200105671,01:00:00,Phone,FALSE,3,336,Van Nuys,250,4149,9,821,SODOMY/SEXUAL CONTACT B/W PENI,210,RAZOR BLADE,IC,Invest Cont,79036,Elena,F,53,Yes,No,633846,Kailyn,F,31,Yes,6,Yes,1026,Jermale,M,9,3
200105672,20:00:00,Phone,FALSE,2,261,77th Street,150,8889,9,510,VEHICLE - STOLEN,207,OTHER KNIFE,IC,Invest Cont,55662,Angelo,M,51,No,No,989982,Carey,F,32,Yes,6,No,4001,Lynnie,F,10,3
200105674,07:00:00,Phone,TRUE,4,425,Rampart,165,8500,5,341,THEFT-GRAND ($950.01 & OVER)EX,208,RAZOR,IC,Invest Cont,35357,Eunice,F,35,Yes,Yes,2197468,Augustine,M,36,Yes,6,No,3251,Genever,F,11,3
200105675,04:45:00,In-Person,FALSE,1,223,West Valley,268,3950,8,210,ROBBERY,515,PHYSICAL PRESENCE,IC,Invest Cont,57485,Shelley,F,35,Yes,Yes,1506807,Cari,F,37,Yes,6,No,2039,Vikash,M,10,3
200105685,21:00:00,Phone,FALSE,2,261,77th Street,150,8889,9,330,BURGLARY FROM VEHICLE,302,BLUNT INSTRUMENT,IC,Invest Cont,58438,Nelson,M,55,No,No,2078543,Louella,F,32,Yes,6,No,4001,Lynnie,F,10,3
200105686,12:00:00,Phone,TRUE,5,887,Newton,275,3409,12,440,THEFT PLAIN - PETTY ($950 & UN,102,HAND GUN,IC,Invest Cont,103073,Antoinette,F,31,Yes,Yes,2083162,Scarlet,F,32,Yes,4,No,4002,Lynnmarie,F,12,3
200105687,20:45:00,Phone,FALSE,5,887,Newton,275,3409,12,310,BURGLARY,113,SIMULATED GUN,IC,Invest Cont,94566,Dwayne,M,38,No,No,254953,Kolton,M,32,Yes,6,Yes,4002,Lynnmarie,F,12,3
200105688,19:30:00,Phone,TRUE,2,323,Northeast,255,4100,9,910,KIDNAPPING,308,STICK,IC,Invest Cont,122945,Dwight,M,7,Yes,Yes,1243031,Mitzi,F,33,Yes,6,No,4001,Lynnie,F,10,3
200105690,17:30:00,In-Person,TRUE,3,371,West LA,244,5500,9,310,BURGLARY,113,SIMULATED GUN,IC,Invest Cont,97043,Kelli,F,56,Yes,No,825922,Amiyah,F,33,Yes,6,No,1026,Jermale,M,9,3
200105692,07:30:00,Phone,FALSE,3,336,Van Nuys,250,4149,9,762,LEWD CONDUCT,309,BOARD,IC,Invest Cont,88629,Julius,M,32,Yes,No,331705,Gena,F,31,No,0,No,1026,Jermale,M,9,3
200105693,15:00:00,Phone,FALSE,7,1001,Hollywood,280,3200,8,330,BURGLARY FROM VEHICLE,302,BLUNT INSTRUMENT,AA,Adult Arrest,108721,Jackie,M,59,No,Yes,2352141,Maud,F,31,Yes,5,No,5100,Rheda,F,12,3
200105695,16:10:00,Phone,FALSE,1,223,West Valley,268,3950,8,442,SHOPLIFTING - PETTY THEFT ($95,400,"STRONG-ARM (HANDS, FIST, FEET ",IC,Invest Cont,115295,Trinity,F,55,No,No,1349612,Brittani,F,32,No,0,No,2039,Vikash,M,10,3
200105697,11:00:00,Phone,TRUE,4,425,Rampart,165,8500,5,442,SHOPLIFTING - PETTY THEFT ($95,400,"STRONG-ARM (HANDS, FIST, FEET ",IC,Invest Cont,123398,Shaun,M,38,Yes,Yes,1572655,Carmine,M,34,No,0,Yes,1033,Niki,M,14,3
200105699,14:30:00,Phone,TRUE,1,223,West Valley,268,3950,8,442,SHOPLIFTING - PETTY THEFT ($95,400,"STRONG-ARM (HANDS, FIST, FEET ",IC,Invest Cont,118388,Meredith,F,48,Yes,No,1266925,Maryellen,F,32,No,0,Yes,1031,Kowen,M,13,3
200105700,19:00:00,In-Person,FALSE,5,893,Harbor,180,6500,10,510,VEHICLE - STOLEN,207,OTHER KNIFE,IC,Invest Cont,43226,Kaleb,M,56,Yes,No,1747328,Amalia,F,41,Yes,5,Yes,4002,Lynnmarie,F,12,3
200105701,12:50:00,Phone,FALSE,3,371,West LA,244,5500,9,210,ROBBERY,515,PHYSICAL PRESENCE,IC,Invest Cont,44019,Sergio,M,31,No,No,999705,Seymour,M,37,Yes,3,No,1026,Jermale,M,9,3
200105705,16:30:00,Phone,TRUE,5,893,Harbor,180,6500,10,210,ROBBERY,515,PHYSICAL PRESENCE,IC,Invest Cont,94133,Collin,M,38,Yes,Yes,1992840,Gussie,F,34,Yes,3,No,4002,Lynnmarie,F,12,3
200105706,14:00:00,In-Person,TRUE,3,371,West LA,244,5500,9,440,THEFT PLAIN - PETTY ($950 & UN,102,HAND GUN,IC,Invest Cont,120104,Rebekah,F,58,Yes,Yes,1402628,Marylou,F,41,Yes,6,No,1026,Jermale,M,9,3
200105707,17:30:00,Phone,TRUE,1,223,West Valley,268,3950,8,745,VANDALISM - MISDEAMEANOR ($399,306,ROCK/THROWN OBJECT,IC,Invest Cont,59784,Greg,M,37,Yes,Yes,2064917,Iker,M,33,No,0,Yes,1111,Kaushik,M,8,3
200105708,20:00:00,Phone,TRUE,7,1001,Hollywood,280,3200,8,740,VANDALISM - FELONY ($400 & OVE,200,KNIFE WITH BLADE 6INCHES OR LE,IC,Invest Cont,54163,Emmanuel,M,56,Yes,Yes,2174231,Jesse,F,36,Yes,5,No,5555,Shaaron,F,13,3
200105709,10:40:00,In-Person,FALSE,1,223,West Valley,268,3950,8,341,THEFT-GRAND ($950.01 & OVER)EX,208,RAZOR,IC,Invest Cont,109005,Ramon,M,49,No,Yes,2244272,Maryjane,F,31,No,0,Yes,2039,Vikash,M,10,3
200105710,01:00:00,In-Person,FALSE,7,1001,Hollywood,280,3200,8,330,BURGLARY FROM VEHICLE,302,BLUNT INSTRUMENT,IC,Invest Cont,112767,Perry,M,41,Yes,Yes,2258154,Sharlene,F,39,Yes,5,No,5100,Rheda,F,12,3
200105713,22:30:00,Phone,TRUE,4,425,Rampart,165,8500,5,330,BURGLARY FROM VEHICLE,302,BLUNT INSTRUMENT,IC,Invest Cont,33629,Bianca,F,51,Yes,No,1298250,Lakisha,F,40,No,0,Yes,1033,Niki,M,14,3
200105714,09:00:00,In-Person,FALSE,3,371,West LA,244,5500,9,740,VANDALISM - FELONY ($400 & OVE,200,KNIFE WITH BLADE 6INCHES OR LE,IC,Invest Cont,6635,Kristy,F,50,No,Yes,2274361,Loren,F,35,Yes,1,Yes,1026,Jermale,M,9,3
200105715,21:14:00,Phone,TRUE,3,371,West LA,244,5500,9,210,ROBBERY,515,PHYSICAL PRESENCE,IC,Invest Cont,9905,Candice,F,44,Yes,Yes,1788971,Davon,M,30,No,0,No,1026,Jermale,M,9,3
200105716,20:30:00,Phone,FALSE,7,1001,Hollywood,280,3200,8,522,"VEHICLE - MOTORIZED SCOOTERS, ",510,SCALDING LIQUID,IC,Invest Cont,31296,Jaden,M,56,Yes,No,1792042,Archer,M,31,Yes,6,No,5100,Rheda,F,12,3
200105718,20:40:00,In-Person,FALSE,7,1001,Hollywood,280,3200,8,237,CHILD NEGLECT (SEE 300 W.I.C.),203,DIRK/DAGGER,IC,Invest Cont,12151,Gracie,F,31,No,Yes,379210,Dara,F,36,Yes,7,Yes,5100,Rheda,F,12,3
200105720,17:00:00,Phone,TRUE,2,322,Southwest,168,7800,8,624,BATTERY - SIMPLE ASSAULT,500,UNKNOWN WEAPON/OTHER WEAPON,IC,Invest Cont,16913,Devon,M,60,No,No,948495,Dylan,F,36,No,0,Yes,1023,Everrett,M,12,3
200105721,01:00:00,In-Person,TRUE,4,425,Rampart,165,8500,5,230,"ASSAULT WITH DEADLY WEAPON, AG",216,SCISSORS,IC,Invest Cont,23202,Ted,M,41,Yes,Yes,1053134,Liberty,F,31,Yes,2,No,3251,Genever,F,11,3
200105723,18:20:00,Phone,FALSE,4,425,Rampart,165,8500,5,624,BATTERY - SIMPLE ASSAULT,500,UNKNOWN WEAPON/OTHER WEAPON,IC,Invest Cont,100799,Janie,F,58,No,No,1996951,Jaelyn,F,32,Yes,3,No,1033,Niki,M,14,3
200105724,03:45:00,In-Person,TRUE,3,371,West LA,244,5500,9,761,BRANDISH WEAPON,307,VEHICLE,IC,Invest Cont,25943,Stuart,M,58,Yes,Yes,1383672,Donny,M,31,No,0,Yes,7010,Syann,F,9,3
200105725,01:25:00,Phone,TRUE,4,425,Rampart,165,8500,5,624,BATTERY - SIMPLE ASSAULT,500,UNKNOWN WEAPON/OTHER WEAPON,IC,Invest Cont,26063,Armando,M,54,No,No,193453,Yasmine,F,35,No,0,No,1033,Niki,M,14,3
200105726,01:25:00,In-Person,FALSE,7,1001,Hollywood,280,3200,8,624,BATTERY - SIMPLE ASSAULT,500,UNKNOWN WEAPON/OTHER WEAPON,IC,Invest Cont,36439,Rosalie,F,60,No,No,393595,Keely,F,35,No,0,Yes,5100,Rheda,F,12,3
200105727,01:25:00,Phone,TRUE,4,425,Rampart,165,8500,5,624,BATTERY - SIMPLE ASSAULT,500,UNKNOWN WEAPON/OTHER WEAPON,IC,Invest Cont,4670,Marco,M,7,Yes,Yes,1126680,Lawson,M,40,No,0,No,1033,Niki,M,14,3
200105728,01:25:00,Phone,TRUE,7,1001,Hollywood,280,3200,8,624,BATTERY - SIMPLE ASSAULT,500,UNKNOWN WEAPON/OTHER WEAPON,IC,Invest Cont,46540,Cesar,M,39,No,Yes,809971,Kacie,F,37,No,0,Yes,5100,Rheda,F,12,3
200105730,19:00:00,Phone,FALSE,1,223,West Valley,268,3950,8,510,VEHICLE - STOLEN,207,OTHER KNIFE,IC,Invest Cont,77941,Ayden,M,54,No,Yes,1364709,Maeve,F,36,No,0,Yes,2039,Vikash,M,10,3
200105731,02:15:00,Phone,FALSE,1,223,West Valley,268,3950,8,440,THEFT PLAIN - PETTY ($950 & UN,102,HAND GUN,IC,Invest Cont,52103,Ashton,M,52,No,Yes,1739049,Yadira,F,39,Yes,4,Yes,2039,Vikash,M,10,3
200105732,21:00:00,Phone,FALSE,3,371,West LA,244,5500,9,310,BURGLARY,113,SIMULATED GUN,IC,Invest Cont,26330,Irma,F,46,Yes,Yes,2241667,Kori,F,30,No,0,No,1026,Jermale,M,9,3
200105734,06:50:00,In-Person,TRUE,1,223,West Valley,268,3950,8,624,BATTERY - SIMPLE ASSAULT,500,UNKNOWN WEAPON/OTHER WEAPON,IC,Invest Cont,64001,Peyton,F,55,No,No,1540497,Basil,M,34,Yes,1,No,2039,Vikash,M,10,3
200105735,05:22:00,In-Person,FALSE,1,223,West Valley,268,3950,8,740,VANDALISM - FELONY ($400 & OVE,200,KNIFE WITH BLADE 6INCHES OR LE,IC,Invest Cont,67321,Wade,M,31,Yes,No,1170356,Luisa,F,40,Yes,7,No,2039,Vikash,M,10,3
200105736,07:40:00,Phone,TRUE,1,223,West Valley,268,3950,8,624,BATTERY - SIMPLE ASSAULT,500,UNKNOWN WEAPON/OTHER WEAPON,IC,Invest Cont,49302,Terrance,M,46,No,Yes,783116,Adela,F,30,Yes,5,No,2039,Vikash,M,10,3
200105737,21:33:00,Phone,TRUE,5,887,Newton,275,3409,12,330,BURGLARY FROM VEHICLE,302,BLUNT INSTRUMENT,AA,Adult Arrest,60733,Erick,M,31,Yes,No,1527784,Madyson,F,32,Yes,3,No,4002,Lynnmarie,F,12,3
200105738,18:00:00,Phone,FALSE,4,425,Rampart,165,8500,5,330,BURGLARY FROM VEHICLE,302,BLUNT INSTRUMENT,AA,Adult Arrest,28837,Freddie,M,50,No,Yes,606316,America,F,30,Yes,4,No,1033,Niki,M,14,3
200105739,20:00:00,Phone,FALSE,7,1001,Hollywood,280,3200,8,930,CRIMINAL THREATS - NO WEAPON D,212,BOTTLE,AA,Adult Arrest,58906,Beulah,F,60,No,Yes,1028491,Anaya,F,39,No,0,No,5100,Rheda,F,12,3
200105740,13:00:00,Phone,TRUE,1,223,West Valley,268,3950,8,354,THEFT OF IDENTITY,513,STUN GUN,IC,Invest Cont,45520,Felix,M,51,No,No,298561,Ibrahim,M,35,Yes,4,No,2039,Vikash,M,10,3
200105742,18:00:00,Phone,FALSE,3,336,Van Nuys,250,4149,9,510,VEHICLE - STOLEN,207,OTHER KNIFE,IC,Invest Cont,30895,Kennedy,F,47,Yes,Yes,1716914,Linwood,M,39,Yes,4,No,1026,Jermale,M,9,3
200105745,01:35:00,Phone,TRUE,4,425,Rampart,165,8500,5,121,"RAPE, FORCIBLE",511,VERBAL THREAT,IC,Invest Cont,96458,Ariel,F,46,No,Yes,1791301,Alecia,F,36,No,0,No,1033,Niki,M,14,3
200105748,11:20:00,In-Person,FALSE,3,371,West LA,244,5500,9,930,CRIMINAL THREATS - NO WEAPON D,212,BOTTLE,IC,Invest Cont,43423,Brody,M,37,Yes,Yes,493272,Lilia,F,40,No,0,No,1026,Jermale,M,9,3
200105749,09:55:00,In-Person,TRUE,4,425,Rampart,165,8500,5,740,VANDALISM - FELONY ($400 & OVE,200,KNIFE WITH BLADE 6INCHES OR LE,AO,Adult Other,53610,Virgil,M,31,No,No,497576,Jimena,F,32,Yes,1,No,1033,Niki,M,14,3
200105750,13:05:00,In-Person,TRUE,1,223,West Valley,268,3950,8,624,BATTERY - SIMPLE ASSAULT,500,UNKNOWN WEAPON/OTHER WEAPON,IC,Invest Cont,64375,Adrienne,F,7,Yes,No,1856797,Antwan,M,37,No,0,No,2039,Vikash,M,10,3
200105751,15:55:00,In-Person,FALSE,3,371,West LA,244,5500,9,624,BATTERY - SIMPLE ASSAULT,500,UNKNOWN WEAPON/OTHER WEAPON,IC,Invest Cont,10541,Roman,M,7,Yes,No,279010,Aida,F,41,Yes,1,No,1026,Jermale,M,9,3
200105753,16:30:00,In-Person,TRUE,4,425,Rampart,165,8500,5,210,ROBBERY,515,PHYSICAL PRESENCE,IC,Invest Cont,97923,Morris,M,33,Yes,Yes,1345924,Wilda,F,36,No,0,No,1033,Niki,M,14,3
200105754,12:45:00,Phone,TRUE,4,425,Rampart,165,8500,5,624,BATTERY - SIMPLE ASSAULT,500,UNKNOWN WEAPON/OTHER WEAPON,IC,Invest Cont,70471,Robyn,F,35,Yes,No,992622,Karlee,F,34,No,0,No,3251,Genever,F,11,3
200105755,23:30:00,Phone,FALSE,3,371,West LA,244,5500,9,480,BIKE - STOLEN,504,DEMAND NOTE,IC,Invest Cont,12777,Clifton,M,38,No,Yes,1768298,Mckayla,F,35,Yes,2,No,1026,Jermale,M,9,3
200105757,15:30:00,Phone,FALSE,4,425,Rampart,165,8500,5,510,VEHICLE - STOLEN,207,OTHER KNIFE,IC,Invest Cont,81589,Kent,M,35,No,No,435823,Amina,F,33,Yes,6,No,1033,Niki,M,14,3
200105759,18:30:00,Phone,FALSE,4,425,Rampart,165,8500,5,310,BURGLARY,113,SIMULATED GUN,AA,Adult Arrest,33717,Jonathon,M,38,No,No,813431,Zara,F,40,Yes,1,No,3251,Genever,F,11,3
200105760,17:10:00,Phone,FALSE,4,425,Rampart,165,8500,5,442,SHOPLIFTING - PETTY THEFT ($95,400,"STRONG-ARM (HANDS, FIST, FEET ",IC,Invest Cont,70331,Jaime,M,41,No,No,2260057,Enzo,M,33,Yes,2,No,3251,Genever,F,11,3
200105761,16:00:00,Phone,FALSE,4,425,Rampart,165,8500,5,230,"ASSAULT WITH DEADLY WEAPON, AG",216,SCISSORS,IC,Invest Cont,66308,Kirk,M,47,Yes,Yes,1749553,Myla,F,33,Yes,3,No,1033,Niki,M,14,3
200105762,11:00:00,Phone,FALSE,5,887,Newton,275,3409,12,442,SHOPLIFTING - PETTY THEFT ($95,400,"STRONG-ARM (HANDS, FIST, FEET ",IC,Invest Cont,714,Sandy,F,51,Yes,No,2045764,Justina,F,34,Yes,3,No,4010,Neeka,F,13,3
200105764,18:15:00,Phone,FALSE,3,371,West LA,244,5500,9,860,BATTERY WITH SEXUAL CONTACT,201,KNIFE WITH BLADE OVER 6 INCHES,IC,Invest Cont,30007,Jeannette,F,7,Yes,No,608188,Micah,F,40,No,0,No,1026,Jermale,M,9,3
200105765,09:30:00,Phone,FALSE,7,1001,Hollywood,280,3200,8,510,VEHICLE - STOLEN,207,OTHER KNIFE,IC,Invest Cont,96714,Alberta,F,60,No,No,2002323,Charles,F,33,Yes,7,No,5555,Shaaron,F,13,3
200105768,14:30:00,Phone,FALSE,6,990,Hollenbeck,170,6686,5,341,THEFT-GRAND ($950.01 & OVER)EX,208,RAZOR,IC,Invest Cont,39859,Elise,F,32,No,No,322791,Chaya,F,39,Yes,3,No,3262,Lucyle,F,11,3
200105769,07:00:00,Phone,FALSE,3,371,West LA,244,5500,9,910,KIDNAPPING,308,STICK,IC,Invest Cont,18884,Verna,F,7,Yes,No,1609762,Shaina,F,35,No,0,No,1026,Jermale,M,9,3
200105771,21:00:00,In-Person,FALSE,3,336,Van Nuys,250,4149,9,330,BURGLARY FROM VEHICLE,302,BLUNT INSTRUMENT,IC,Invest Cont,32612,Giovanni,M,46,Yes,No,2127660,Caryn,F,33,No,0,No,1026,Jermale,M,9,3
200105772,17:00:00,Phone,FALSE,3,371,West LA,244,5500,9,624,BATTERY - SIMPLE ASSAULT,500,UNKNOWN WEAPON/OTHER WEAPON,IC,Invest Cont,92179,Camila,F,30,No,Yes,1023536,Arleen,F,33,No,0,No,1026,Jermale,M,9,3
200105836,15:05:00,In-Person,FALSE,7,1001,Hollywood,280,3200,8,230,"ASSAULT WITH DEADLY WEAPON, AG",216,SCISSORS,IC,Invest Cont,67562,Marion,M,60,Yes,No,802955,Theron,M,33,Yes,1,No,5100,Rheda,F,12,3
200109827,11:05:00,Phone,FALSE,1,223,West Valley,268,3950,8,330,BURGLARY FROM VEHICLE,302,BLUNT INSTRUMENT,IC,Invest Cont,115675,Gwendolyn,F,19,Yes,No,1533576,Jaqueline,F,33,Yes,2,No,2033,Ray,M,14,3
200111059,17:00:00,In-Person,FALSE,1,223,West Valley,268,3950,8,910,KIDNAPPING,308,STICK,IC,Invest Cont,81313,Dianne,F,6,Yes,Yes,1700758,Finley,F,39,Yes,1,No,2033,Ray,M,14,3
200112245,01:00:00,In-Person,FALSE,6,990,Hollenbeck,170,6686,5,440,THEFT PLAIN - PETTY ($950 & UN,102,HAND GUN,IC,Invest Cont,98689,Maureen,F,60,Yes,Yes,903099,Norris,M,32,No,0,No,3259,Kla,F,8,3
200118182,18:00:00,Phone,FALSE,3,371,West LA,244,5500,9,330,BURGLARY FROM VEHICLE,302,BLUNT INSTRUMENT,IC,Invest Cont,35147,Clyde,M,33,Yes,No,1981837,Darian,M,40,No,0,No,4004,Mirakle,F,9,3
200118281,21:30:00,Phone,TRUE,1,223,West Valley,268,3950,8,624,BATTERY - SIMPLE ASSAULT,500,UNKNOWN WEAPON/OTHER WEAPON,IC,Invest Cont,12943,Autumn,F,37,Yes,No,847059,Beckett,M,34,Yes,7,No,2033,Ray,M,14,3
200204446,23:00:00,Phone,TRUE,2,261,77th Street,150,8889,9,910,KIDNAPPING,308,STICK,AA,Adult Arrest,49485,Bob,M,6,Yes,Yes,881539,Mohammed,M,35,Yes,7,No,2034,Royston,M,11,3
200204971,20:30:00,Phone,FALSE,6,990,Hollenbeck,170,6686,5,510,VEHICLE - STOLEN,207,OTHER KNIFE,IC,Invest Cont,6095,Brady,M,39,Yes,Yes,92008,Delmar,M,32,Yes,3,No,3259,Kla,F,8,3
200208253,13:20:00,Phone,FALSE,3,336,Van Nuys,250,4149,9,623,BATTERY POLICE (SIMPLE),215,MACHETE,IC,Invest Cont,88401,Gilbert,M,50,Yes,Yes,575324,Lynnette,M,40,Yes,3,No,4004,Mirakle,F,9,3
200215063,18:00:00,Phone,FALSE,2,322,Southwest,168,7800,8,510,VEHICLE - STOLEN,207,OTHER KNIFE,IC,Invest Cont,70807,Elmer,M,33,Yes,No,1311420,Markus,M,39,Yes,4,No,2034,Royston,M,11,3
200309004,01:00:00,Phone,FALSE,6,990,Hollenbeck,170,6686,5,740,VANDALISM - FELONY ($400 & OVE,200,KNIFE WITH BLADE 6INCHES OR LE,IC,Invest Cont,29943,Belinda,F,56,No,No,917739,Merrill,M,31,No,0,Yes,1028,Keahi,M,14,3
200317330,20:00:00,In-Person,FALSE,3,371,West LA,244,5500,9,480,BIKE - STOLEN,504,DEMAND NOTE,IC,Invest Cont,71488,Lewis,M,34,Yes,No,1161829,Ollie,M,40,No,0,No,4004,Mirakle,F,9,3
200317339,15:00:00,Phone,TRUE,7,1001,Hollywood,280,3200,8,341,THEFT-GRAND ($950.01 & OVER)EX,208,RAZOR,IC,Invest Cont,107223,Aubrey,F,56,Yes,Yes,2005163,Ari,M,30,No,0,No,7100,Varnika,F,12,3
200317549,06:30:00,In-Person,FALSE,3,336,Van Nuys,250,4149,9,510,VEHICLE - STOLEN,207,OTHER KNIFE,IC,Invest Cont,35652,Chris,M,53,Yes,No,328927,Aldo,M,32,No,0,No,4004,Mirakle,F,9,3
200404158,22:00:00,Phone,TRUE,1,223,West Valley,268,3950,8,510,VEHICLE - STOLEN,207,OTHER KNIFE,IC,Invest Cont,26367,Nevaeh,F,33,No,Yes,880061,Marilynn,F,30,Yes,6,No,4444,Miciah,F,8,3
200404630,21:30:00,Phone,TRUE,6,990,Hollenbeck,170,6686,5,330,BURGLARY FROM VEHICLE,302,BLUNT INSTRUMENT,IC,Invest Cont,2184,Mamie,F,58,No,No,2285628,Nash,M,39,No,0,Yes,1028,Keahi,M,14,3
200407389,00:30:00,In-Person,FALSE,1,223,West Valley,268,3950,8,510,VEHICLE - STOLEN,207,OTHER KNIFE,IC,Invest Cont,75625,Terrence,M,42,No,Yes,1404236,Charlee,F,40,Yes,1,No,2042,Amilah,F,12,3
200408506,03:00:00,Phone,FALSE,6,990,Hollenbeck,170,6686,5,510,VEHICLE - STOLEN,207,OTHER KNIFE,IC,Invest Cont,96287,Maya,F,58,No,Yes,1393915,Jarred,M,33,No,0,No,3259,Kla,F,8,3
200500577,19:00:00,Phone,FALSE,1,223,West Valley,268,3950,8,888,TRESPASSING,501,BOMB THREAT,IC,Invest Cont,105499,Nora,F,57,Yes,Yes,2327402,Kermit,M,31,Yes,2,No,2042,Amilah,F,12,3
200505547,21:30:00,Phone,FALSE,6,990,Hollenbeck,170,6686,5,510,VEHICLE - STOLEN,207,OTHER KNIFE,IC,Invest Cont,17500,Willard,M,33,Yes,No,1505742,Kristal,F,41,No,0,No,1028,Keahi,M,14,3
200506170,20:00:00,Phone,TRUE,2,322,Southwest,168,7800,8,930,CRIMINAL THREATS - NO WEAPON D,212,BOTTLE,AO,Adult Other,27613,Myrtle,F,33,Yes,No,2253027,Reva,M,35,Yes,1,No,2034,Royston,M,11,3
200506494,15:30:00,Phone,TRUE,2,323,Northeast,255,4100,9,236,INTIMATE PARTNER - AGGRAVATED,205,KITCHEN KNIFE,IC,Invest Cont,106872,Kate,F,59,No,No,1196212,Braydon,M,39,No,0,No,1023,Everrett,M,12,3
200508100,15:00:00,In-Person,FALSE,7,1001,Hollywood,280,3200,8,330,BURGLARY FROM VEHICLE,302,BLUNT INSTRUMENT,IC,Invest Cont,49898,Simon,M,51,No,Yes,1905815,Gino,M,33,Yes,5,No,7100,Varnika,F,12,3
200516455,11:30:00,Phone,TRUE,7,1001,Hollywood,280,3200,8,626,INTIMATE PARTNER - SIMPLE ASSA,109,SEMI-AUTOMATIC PISTOL,IC,Invest Cont,3958,Brendan,M,44,No,No,1857674,Braeden,M,37,No,0,No,7100,Varnika,F,12,3
200608735,02:24:00,Phone,FALSE,3,336,Van Nuys,250,4149,9,946,OTHER MISCELLANEOUS CRIME,204,FOLDING KNIFE,IC,Invest Cont,50241,Patsy,F,51,Yes,Yes,590884,Rosalinda,F,33,No,0,No,4004,Mirakle,F,9,3
200615161,12:10:00,In-Person,FALSE,6,990,Hollenbeck,170,6686,5,946,OTHER MISCELLANEOUS CRIME,204,FOLDING KNIFE,AA,Adult Arrest,6550,Maxine,F,41,Yes,No,1225240,Kathie,F,34,Yes,6,No,3259,Kla,F,8,3
200704861,22:00:00,In-Person,FALSE,4,425,Rampart,165,8500,5,626,INTIMATE PARTNER - SIMPLE ASSA,109,SEMI-AUTOMATIC PISTOL,IC,Invest Cont,119608,Misty,F,55,Yes,No,419703,Clement,M,32,Yes,6,No,3261,Lorian,F,10,3
200707782,09:30:00,Phone,TRUE,5,887,Newton,275,3409,12,850,INDECENT EXPOSURE,304,CLUB/BAT,IC,Invest Cont,123665,Brandi,F,54,Yes,No,961870,Ahmed,M,37,Yes,6,No,2040,Yassir,M,13,3
200709746,11:15:00,Phone,FALSE,1,223,West Valley,268,3950,8,624,BATTERY - SIMPLE ASSAULT,500,UNKNOWN WEAPON/OTHER WEAPON,IC,Invest Cont,80806,Arnold,M,48,Yes,Yes,1083785,Merlin,M,30,No,0,No,2042,Amilah,F,12,3
200709854,11:00:00,In-Person,TRUE,4,425,Rampart,165,8500,5,510,VEHICLE - STOLEN,207,OTHER KNIFE,AO,Adult Other,40697,Karla,F,32,No,Yes,1771875,Micaela,F,34,No,0,No,3223,Anayely,F,11,3
200804426,12:00:00,Phone,FALSE,4,425,Rampart,165,8500,5,440,THEFT PLAIN - PETTY ($950 & UN,102,HAND GUN,AA,Adult Arrest,5577,Derrick,M,60,Yes,Yes,1911823,Thurman,M,31,Yes,3,No,4005,Nabeeha,F,10,3
200807928,17:30:00,Phone,FALSE,6,990,Hollenbeck,170,6686,5,510,VEHICLE - STOLEN,207,OTHER KNIFE,IC,Invest Cont,55853,Lynda,F,41,Yes,Yes,127484,Roxanna,F,35,Yes,6,No,3259,Kla,F,8,3
200810082,23:22:00,In-Person,FALSE,3,371,West LA,244,5500,9,310,BURGLARY,113,SIMULATED GUN,AO,Adult Other,111203,Ricardo,M,42,Yes,No,1225555,Meaghan,M,32,Yes,1,No,2035,Rue,M,12,3
200814006,20:40:00,Phone,FALSE,6,990,Hollenbeck,170,6686,5,740,VANDALISM - FELONY ($400 & OVE,200,KNIFE WITH BLADE 6INCHES OR LE,IC,Invest Cont,75046,Reginald,M,49,Yes,No,1655027,Katheryn,F,33,No,0,No,1028,Keahi,M,14,3
200911406,21:00:00,Phone,FALSE,5,893,Harbor,180,6500,10,740,VANDALISM - FELONY ($400 & OVE,200,KNIFE WITH BLADE 6INCHES OR LE,IC,Invest Cont,488,Abraham,M,49,Yes,Yes,83716,Melva,F,37,No,0,No,2040,Yassir,M,13,3
201007646,18:00:00,Phone,FALSE,3,371,West LA,244,5500,9,910,KIDNAPPING,308,STICK,IC,Invest Cont,96425,Brent,M,5,Yes,Yes,1858428,Marianna,M,41,Yes,3,No,1026,Jermale,M,9,3
201011142,11:40:00,Phone,FALSE,4,425,Rampart,165,8500,5,442,SHOPLIFTING - PETTY THEFT ($95,400,"STRONG-ARM (HANDS, FIST, FEET ",IC,Invest Cont,20347,Miles,M,46,No,No,1820584,Kaley,F,37,Yes,1,No,4005,Nabeeha,F,10,3
201107786,09:00:00,In-Person,FALSE,4,425,Rampart,165,8500,5,910,KIDNAPPING,308,STICK,IC,Invest Cont,39818,Ben,M,6,No,No,1611942,Elisha,M,36,No,0,No,3223,Anayely,F,11,3
201208548,17:30:00,In-Person,FALSE,3,371,West LA,244,5500,9,763,STALKING,111,STARTER PISTOL/REVOLVER,IC,Invest Cont,81067,Grayson,M,58,No,No,1088215,Madge,F,30,Yes,1,Yes,2035,Rue,M,12,3
201209220,23:20:00,Phone,TRUE,4,425,Rampart,165,8500,5,626,INTIMATE PARTNER - SIMPLE ASSA,109,SEMI-AUTOMATIC PISTOL,IC,Invest Cont,30565,Tim,M,6,Yes,No,1323504,Eddy,M,41,Yes,1,No,1033,Niki,M,14,3
201209821,09:00:00,In-Person,TRUE,4,425,Rampart,165,8500,5,624,BATTERY - SIMPLE ASSAULT,500,UNKNOWN WEAPON/OTHER WEAPON,IC,Invest Cont,5206,Summer,F,37,No,No,1270550,Marlee,F,36,Yes,3,Yes,3223,Anayely,F,11,3
201209886,02:40:00,In-Person,TRUE,4,425,Rampart,165,8500,5,510,VEHICLE - STOLEN,207,OTHER KNIFE,IC,Invest Cont,112931,Dalton,M,47,Yes,No,625970,Jazlyn,F,35,Yes,6,Yes,4005,Nabeeha,F,10,3
201209935,22:30:00,In-Person,TRUE,6,990,Hollenbeck,170,6686,5,420,THEFT FROM MOTOR VEHICLE - PET,506,FIRE,IC,Invest Cont,65698,Rachael,F,52,Yes,No,2254229,Theo,M,37,No,0,No,1028,Keahi,M,14,3
201213516,03:00:00,Phone,FALSE,6,990,Hollenbeck,170,6686,5,624,BATTERY - SIMPLE ASSAULT,500,UNKNOWN WEAPON/OTHER WEAPON,IC,Invest Cont,121303,Glenda,F,37,Yes,Yes,75308,Colten,M,34,Yes,6,No,3260,Loletha,F,14,3
201213837,21:30:00,Phone,TRUE,6,990,Hollenbeck,170,6686,5,330,BURGLARY FROM VEHICLE,302,BLUNT INSTRUMENT,IC,Invest Cont,76931,Mathew,M,34,Yes,No,363386,Kris,F,39,Yes,6,No,1028,Keahi,M,14,3
201222549,16:20:00,Phone,TRUE,6,990,Hollenbeck,170,6686,5,903,CONTEMPT OF COURT,107,OTHER FIREARM,AO,Adult Other,15156,Mabel,F,41,Yes,Yes,1776699,Brice,M,41,No,0,No,3260,Loletha,F,14,3
201311184,16:00:00,In-Person,TRUE,4,425,Rampart,165,8500,5,761,BRANDISH WEAPON,307,VEHICLE,IC,Invest Cont,61299,Hector,M,46,Yes,No,1194334,Tillie,F,31,Yes,6,No,4005,Nabeeha,F,10,3
201316957,23:50:00,Phone,TRUE,4,425,Rampart,165,8500,5,753,DISCHARGE FIREARMS/SHOTS FIRED,122,HECKLER & KOCH 93 SEMIAUTOMATI,IC,Invest Cont,93666,Krystal,F,44,No,No,1209387,Chadwick,M,40,Yes,6,No,3223,Anayely,F,11,3
201410383,08:30:00,In-Person,TRUE,3,371,West LA,244,5500,9,624,BATTERY - SIMPLE ASSAULT,500,UNKNOWN WEAPON/OTHER WEAPON,IC,Invest Cont,24860,Drew,M,35,Yes,No,781592,Dallas,F,40,Yes,1,Yes,4004,Mirakle,F,9,3
201411482,21:30:00,Phone,FALSE,4,425,Rampart,165,8500,5,341,THEFT-GRAND ($950.01 & OVER)EX,208,RAZOR,IC,Invest Cont,25424,Hope,F,59,Yes,Yes,684112,Lessie,F,40,Yes,2,No,4005,Nabeeha,F,10,3
201411580,12:00:00,Phone,TRUE,4,425,Rampart,165,8500,5,668,"EMBEZZLEMENT, GRAND THEFT ($95",310,CONCRETE BLOCK/BRICK,IC,Invest Cont,91701,Mae,F,34,Yes,Yes,64818,Carlie,F,39,Yes,5,No,3223,Anayely,F,11,3
201509575,17:50:00,In-Person,FALSE,3,336,Van Nuys,250,4149,9,624,BATTERY - SIMPLE ASSAULT,500,UNKNOWN WEAPON/OTHER WEAPON,IC,Invest Cont,120975,Darryl,M,59,Yes,Yes,694470,Tyree,M,41,Yes,1,No,3245,Arretta,F,12,3
201510749,01:50:00,Phone,FALSE,4,425,Rampart,165,8500,5,210,ROBBERY,515,PHYSICAL PRESENCE,IC,Invest Cont,3444,Josiah,M,36,Yes,No,2359482,Tess,F,31,No,0,No,4005,Nabeeha,F,10,3
201511255,08:00:00,Phone,FALSE,6,990,Hollenbeck,170,6686,5,420,THEFT FROM MOTOR VEHICLE - PET,506,FIRE,IC,Invest Cont,37123,Sadie,F,30,Yes,No,287182,Anahi,M,40,No,0,No,1028,Keahi,M,14,3
201515403,20:20:00,In-Person,TRUE,1,223,West Valley,268,3950,8,310,BURGLARY,113,SIMULATED GUN,IC,Invest Cont,112145,Avery,F,60,Yes,No,1614194,Houston,M,41,Yes,5,No,4111,Rakayla,F,8,3
201516877,19:00:00,Phone,FALSE,6,990,Hollenbeck,170,6686,5,510,VEHICLE - STOLEN,207,OTHER KNIFE,IC,Invest Cont,115870,Terry,F,30,Yes,No,806256,Frederic,M,36,No,0,No,3260,Loletha,F,14,3
